file,line,type,commit,author,date,time,timezone,datetime,depth,length
style.css,1,css,e3b6a71e,JACK-coder0315,2025-05-18,10:19:34,-07:00,2025-05-18T10:19:34-07:00,0,5
style.css,2,css,e3b6a71e,JACK-coder0315,2025-05-18,10:19:34,-07:00,2025-05-18T10:19:34-07:00,0,24
style.css,3,css,c8bc629e,JACK-coder0315,2025-05-05,09:19:13,-07:00,2025-05-05T09:19:13-07:00,0,0
style.css,4,css,c8bc629e,JACK-coder0315,2025-05-05,09:19:13,-07:00,2025-05-05T09:19:13-07:00,0,0
style.css,5,css,e3b6a71e,JACK-coder0315,2025-05-18,10:19:34,-07:00,2025-05-18T10:19:34-07:00,0,5
style.css,6,css,e3b6a71e,JACK-coder0315,2025-05-18,10:19:34,-07:00,2025-05-18T10:19:34-07:00,0,30
style.css,7,css,e3b6a71e,JACK-coder0315,2025-05-18,10:19:34,-07:00,2025-05-18T10:19:34-07:00,0,9
style.css,8,css,e3b6a71e,JACK-coder0315,2025-05-18,10:19:34,-07:00,2025-05-18T10:19:34-07:00,0,10
style.css,9,css,e3b6a71e,JACK-coder0315,2025-05-18,10:19:34,-07:00,2025-05-18T10:19:34-07:00,0,25
style.css,10,css,c8bc629e,JACK-coder0315,2025-05-05,09:19:13,-07:00,2025-05-05T09:19:13-07:00,0,0
style.css,11,css,23d5a98a,JACK-coder0315,2025-05-05,07:29:36,-07:00,2025-05-05T07:29:36-07:00,0,0
style.css,12,css,e3b6a71e,JACK-coder0315,2025-05-18,10:19:34,-07:00,2025-05-18T10:19:34-07:00,0,5
style.css,13,css,d8558a5f,JACK-coder0315,2025-05-18,12:06:05,-07:00,2025-05-18T12:06:05-07:00,0,25
style.css,14,css,d8558a5f,JACK-coder0315,2025-05-18,12:06:05,-07:00,2025-05-18T12:06:05-07:00,0,13
style.css,15,css,d8558a5f,JACK-coder0315,2025-05-18,12:06:05,-07:00,2025-05-18T12:06:05-07:00,0,23
style.css,16,css,d8558a5f,JACK-coder0315,2025-05-18,12:06:05,-07:00,2025-05-18T12:06:05-07:00,0,19
style.css,17,css,d8558a5f,JACK-coder0315,2025-05-18,12:06:05,-07:00,2025-05-18T12:06:05-07:00,0,17
style.css,18,css,d8558a5f,JACK-coder0315,2025-05-18,12:06:05,-07:00,2025-05-18T12:06:05-07:00,0,16
style.css,19,css,d8558a5f,JACK-coder0315,2025-05-18,12:06:05,-07:00,2025-05-18T12:06:05-07:00,0,6
style.css,20,css,d8558a5f,JACK-coder0315,2025-05-18,12:06:05,-07:00,2025-05-18T12:06:05-07:00,0,11
style.css,21,css,d8558a5f,JACK-coder0315,2025-05-18,12:06:05,-07:00,2025-05-18T12:06:05-07:00,0,13
style.css,22,css,d8558a5f,JACK-coder0315,2025-05-18,12:06:05,-07:00,2025-05-18T12:06:05-07:00,0,0
style.css,23,css,e3b6a71e,JACK-coder0315,2025-05-18,10:19:34,-07:00,2025-05-18T10:19:34-07:00,0,0
style.css,24,css,e3b6a71e,JACK-coder0315,2025-05-18,10:19:34,-07:00,2025-05-18T10:19:34-07:00,0,7
style.css,25,css,e3b6a71e,JACK-coder0315,2025-05-18,10:19:34,-07:00,2025-05-18T10:19:34-07:00,0,21
style.css,26,css,e3b6a71e,JACK-coder0315,2025-05-18,10:19:34,-07:00,2025-05-18T10:19:34-07:00,0,12
style.css,27,css,e3b6a71e,JACK-coder0315,2025-05-18,10:19:34,-07:00,2025-05-18T10:19:34-07:00,0,18
style.css,28,css,e3b6a71e,JACK-coder0315,2025-05-18,10:19:34,-07:00,2025-05-18T10:19:34-07:00,0,18
style.css,29,css,e3b6a71e,JACK-coder0315,2025-05-18,10:19:34,-07:00,2025-05-18T10:19:34-07:00,0,21
style.css,30,css,e3b6a71e,JACK-coder0315,2025-05-18,10:19:34,-07:00,2025-05-18T10:19:34-07:00,0,15
style.css,31,css,e3b6a71e,JACK-coder0315,2025-05-18,10:19:34,-07:00,2025-05-18T10:19:34-07:00,0,14
style.css,32,css,e3b6a71e,JACK-coder0315,2025-05-18,10:19:34,-07:00,2025-05-18T10:19:34-07:00,0,0
style.css,33,css,e3b6a71e,JACK-coder0315,2025-05-18,10:19:34,-07:00,2025-05-18T10:19:34-07:00,0,0
style.css,34,css,e3b6a71e,JACK-coder0315,2025-05-18,10:19:34,-07:00,2025-05-18T10:19:34-07:00,0,13
style.css,35,css,e3b6a71e,JACK-coder0315,2025-05-18,10:19:34,-07:00,2025-05-18T10:19:34-07:00,0,22
style.css,36,css,e3b6a71e,JACK-coder0315,2025-05-18,10:19:34,-07:00,2025-05-18T10:19:34-07:00,0,12
style.css,37,css,e3b6a71e,JACK-coder0315,2025-05-18,10:19:34,-07:00,2025-05-18T10:19:34-07:00,0,0
style.css,38,css,e3b6a71e,JACK-coder0315,2025-05-18,10:19:34,-07:00,2025-05-18T10:19:34-07:00,0,0
style.css,39,css,e3b6a71e,JACK-coder0315,2025-05-18,10:19:34,-07:00,2025-05-18T10:19:34-07:00,0,15
style.css,40,css,e3b6a71e,JACK-coder0315,2025-05-18,10:19:34,-07:00,2025-05-18T10:19:34-07:00,0,30
style.css,41,css,e3b6a71e,JACK-coder0315,2025-05-18,10:19:34,-07:00,2025-05-18T10:19:34-07:00,0,0
style.css,42,css,e3b6a71e,JACK-coder0315,2025-05-18,10:19:34,-07:00,2025-05-18T10:19:34-07:00,0,0
style.css,43,css,e3b6a71e,JACK-coder0315,2025-05-18,10:19:34,-07:00,2025-05-18T10:19:34-07:00,0,7
style.css,44,css,e3b6a71e,JACK-coder0315,2025-05-18,10:19:34,-07:00,2025-05-18T10:19:34-07:00,0,12
style.css,45,css,e3b6a71e,JACK-coder0315,2025-05-18,10:19:34,-07:00,2025-05-18T10:19:34-07:00,0,18
style.css,46,css,e3b6a71e,JACK-coder0315,2025-05-18,10:19:34,-07:00,2025-05-18T10:19:34-07:00,0,17
style.css,47,css,c8bc629e,JACK-coder0315,2025-05-05,09:19:13,-07:00,2025-05-05T09:19:13-07:00,0,15
style.css,48,css,c8bc629e,JACK-coder0315,2025-05-05,09:19:13,-07:00,2025-05-05T09:19:13-07:00,0,0
style.css,49,css,c8bc629e,JACK-coder0315,2025-05-05,09:19:13,-07:00,2025-05-05T09:19:13-07:00,0,0
style.css,50,css,e3b6a71e,JACK-coder0315,2025-05-18,10:19:34,-07:00,2025-05-18T10:19:34-07:00,0,31
style.css,51,css,c8bc629e,JACK-coder0315,2025-05-05,09:19:13,-07:00,2025-05-05T09:19:13-07:00,0,13
style.css,52,css,e3b6a71e,JACK-coder0315,2025-05-18,10:19:34,-07:00,2025-05-18T10:19:34-07:00,0,19
style.css,53,css,e3b6a71e,JACK-coder0315,2025-05-18,10:19:34,-07:00,2025-05-18T10:19:34-07:00,0,23
style.css,54,css,e3b6a71e,JACK-coder0315,2025-05-18,10:19:34,-07:00,2025-05-18T10:19:34-07:00,0,8
style.css,55,css,c8bc629e,JACK-coder0315,2025-05-05,09:19:13,-07:00,2025-05-05T09:19:13-07:00,0,15
style.css,56,css,d8558a5f,JACK-coder0315,2025-05-18,12:06:05,-07:00,2025-05-18T12:06:05-07:00,0,15
style.css,57,css,e3b6a71e,JACK-coder0315,2025-05-18,10:19:34,-07:00,2025-05-18T10:19:34-07:00,0,0
style.css,58,css,e3b6a71e,JACK-coder0315,2025-05-18,10:19:34,-07:00,2025-05-18T10:19:34-07:00,0,0
style.css,59,css,e3b6a71e,JACK-coder0315,2025-05-18,10:19:34,-07:00,2025-05-18T10:19:34-07:00,0,39
style.css,60,css,e3b6a71e,JACK-coder0315,2025-05-18,10:19:34,-07:00,2025-05-18T10:19:34-07:00,0,14
style.css,61,css,e3b6a71e,JACK-coder0315,2025-05-18,10:19:34,-07:00,2025-05-18T10:19:34-07:00,0,12
style.css,62,css,e3b6a71e,JACK-coder0315,2025-05-18,10:19:34,-07:00,2025-05-18T10:19:34-07:00,0,13
style.css,63,css,e3b6a71e,JACK-coder0315,2025-05-18,10:19:34,-07:00,2025-05-18T10:19:34-07:00,0,17
style.css,64,css,e3b6a71e,JACK-coder0315,2025-05-18,10:19:34,-07:00,2025-05-18T10:19:34-07:00,0,0
style.css,65,css,e3b6a71e,JACK-coder0315,2025-05-18,10:19:34,-07:00,2025-05-18T10:19:34-07:00,0,0
style.css,66,css,e3b6a71e,JACK-coder0315,2025-05-18,10:19:34,-07:00,2025-05-18T10:19:34-07:00,0,28
style.css,67,css,e3b6a71e,JACK-coder0315,2025-05-18,10:19:34,-07:00,2025-05-18T10:19:34-07:00,0,13
style.css,68,css,e3b6a71e,JACK-coder0315,2025-05-18,10:19:34,-07:00,2025-05-18T10:19:34-07:00,0,15
style.css,69,css,d8558a5f,JACK-coder0315,2025-05-18,12:06:05,-07:00,2025-05-18T12:06:05-07:00,0,12
style.css,70,css,e3b6a71e,JACK-coder0315,2025-05-18,10:19:34,-07:00,2025-05-18T10:19:34-07:00,0,16
style.css,71,css,e3b6a71e,JACK-coder0315,2025-05-18,10:19:34,-07:00,2025-05-18T10:19:34-07:00,0,12
style.css,72,css,e3b6a71e,JACK-coder0315,2025-05-18,10:19:34,-07:00,2025-05-18T10:19:34-07:00,0,22
style.css,73,css,e3b6a71e,JACK-coder0315,2025-05-18,10:19:34,-07:00,2025-05-18T10:19:34-07:00,0,18
style.css,74,css,e3b6a71e,JACK-coder0315,2025-05-18,10:19:34,-07:00,2025-05-18T10:19:34-07:00,0,17
style.css,75,css,e3b6a71e,JACK-coder0315,2025-05-18,10:19:34,-07:00,2025-05-18T10:19:34-07:00,0,19
style.css,76,css,c8bc629e,JACK-coder0315,2025-05-05,09:19:13,-07:00,2025-05-05T09:19:13-07:00,0,0
style.css,77,css,c8bc629e,JACK-coder0315,2025-05-05,09:19:13,-07:00,2025-05-05T09:19:13-07:00,0,0
style.css,78,css,e3b6a71e,JACK-coder0315,2025-05-18,10:19:34,-07:00,2025-05-18T10:19:34-07:00,0,31
style.css,79,css,e3b6a71e,JACK-coder0315,2025-05-18,10:19:34,-07:00,2025-05-18T10:19:34-07:00,0,13
style.css,80,css,e3b6a71e,JACK-coder0315,2025-05-18,10:19:34,-07:00,2025-05-18T10:19:34-07:00,0,19
style.css,81,css,e3b6a71e,JACK-coder0315,2025-05-18,10:19:34,-07:00,2025-05-18T10:19:34-07:00,0,10
style.css,82,css,e3b6a71e,JACK-coder0315,2025-05-18,10:19:34,-07:00,2025-05-18T10:19:34-07:00,0,0
style.css,83,css,e3b6a71e,JACK-coder0315,2025-05-18,10:19:34,-07:00,2025-05-18T10:19:34-07:00,0,0
style.css,84,css,e3b6a71e,JACK-coder0315,2025-05-18,10:19:34,-07:00,2025-05-18T10:19:34-07:00,0,28
style.css,85,css,e3b6a71e,JACK-coder0315,2025-05-18,10:19:34,-07:00,2025-05-18T10:19:34-07:00,0,12
style.css,86,css,e3b6a71e,JACK-coder0315,2025-05-18,10:19:34,-07:00,2025-05-18T10:19:34-07:00,0,13
style.css,87,css,e3b6a71e,JACK-coder0315,2025-05-18,10:19:34,-07:00,2025-05-18T10:19:34-07:00,0,30
style.css,88,css,c8bc629e,JACK-coder0315,2025-05-05,09:19:13,-07:00,2025-05-05T09:19:13-07:00,0,18
style.css,89,css,e3b6a71e,JACK-coder0315,2025-05-18,10:19:34,-07:00,2025-05-18T10:19:34-07:00,0,21
style.css,90,css,e3b6a71e,JACK-coder0315,2025-05-18,10:19:34,-07:00,2025-05-18T10:19:34-07:00,0,0
style.css,91,css,e3b6a71e,JACK-coder0315,2025-05-18,10:19:34,-07:00,2025-05-18T10:19:34-07:00,0,0
style.css,92,css,e3b6a71e,JACK-coder0315,2025-05-18,10:19:34,-07:00,2025-05-18T10:19:34-07:00,0,44
style.css,93,css,e3b6a71e,JACK-coder0315,2025-05-18,10:19:34,-07:00,2025-05-18T10:19:34-07:00,0,15
style.css,94,css,e3b6a71e,JACK-coder0315,2025-05-18,10:19:34,-07:00,2025-05-18T10:19:34-07:00,0,17
style.css,95,css,e3b6a71e,JACK-coder0315,2025-05-18,10:19:34,-07:00,2025-05-18T10:19:34-07:00,0,0
style.css,96,css,e3b6a71e,JACK-coder0315,2025-05-18,10:19:34,-07:00,2025-05-18T10:19:34-07:00,0,0
style.css,97,css,e3b6a71e,JACK-coder0315,2025-05-18,10:19:34,-07:00,2025-05-18T10:19:34-07:00,0,72
style.css,98,css,e3b6a71e,JACK-coder0315,2025-05-18,10:19:34,-07:00,2025-05-18T10:19:34-07:00,0,12
style.css,99,css,e3b6a71e,JACK-coder0315,2025-05-18,10:19:34,-07:00,2025-05-18T10:19:34-07:00,0,0
style.css,100,css,e3b6a71e,JACK-coder0315,2025-05-18,10:19:34,-07:00,2025-05-18T10:19:34-07:00,0,0
style.css,101,css,e3b6a71e,JACK-coder0315,2025-05-18,10:19:34,-07:00,2025-05-18T10:19:34-07:00,0,30
style.css,102,css,e3b6a71e,JACK-coder0315,2025-05-18,10:19:34,-07:00,2025-05-18T10:19:34-07:00,0,36
style.css,103,css,e3b6a71e,JACK-coder0315,2025-05-18,10:19:34,-07:00,2025-05-18T10:19:34-07:00,0,0
style.css,104,css,e3b6a71e,JACK-coder0315,2025-05-18,10:19:34,-07:00,2025-05-18T10:19:34-07:00,0,0
style.css,105,css,e3b6a71e,JACK-coder0315,2025-05-18,10:19:34,-07:00,2025-05-18T10:19:34-07:00,0,39
style.css,106,css,e3b6a71e,JACK-coder0315,2025-05-18,10:19:34,-07:00,2025-05-18T10:19:34-07:00,0,18
style.css,107,css,e3b6a71e,JACK-coder0315,2025-05-18,10:19:34,-07:00,2025-05-18T10:19:34-07:00,0,0
style.css,108,css,e3b6a71e,JACK-coder0315,2025-05-18,10:19:34,-07:00,2025-05-18T10:19:34-07:00,0,0
style.css,109,css,e3b6a71e,JACK-coder0315,2025-05-18,10:19:34,-07:00,2025-05-18T10:19:34-07:00,0,37
style.css,110,css,e3b6a71e,JACK-coder0315,2025-05-18,10:19:34,-07:00,2025-05-18T10:19:34-07:00,0,17
style.css,111,css,e3b6a71e,JACK-coder0315,2025-05-18,10:19:34,-07:00,2025-05-18T10:19:34-07:00,0,23
style.css,112,css,c8bc629e,JACK-coder0315,2025-05-05,09:19:13,-07:00,2025-05-05T09:19:13-07:00,0,0
style.css,113,css,c8bc629e,JACK-coder0315,2025-05-05,09:19:13,-07:00,2025-05-05T09:19:13-07:00,0,0
style.css,114,css,e3b6a71e,JACK-coder0315,2025-05-18,10:19:34,-07:00,2025-05-18T10:19:34-07:00,0,42
style.css,115,css,e3b6a71e,JACK-coder0315,2025-05-18,10:19:34,-07:00,2025-05-18T10:19:34-07:00,0,13
style.css,116,css,e3b6a71e,JACK-coder0315,2025-05-18,10:19:34,-07:00,2025-05-18T10:19:34-07:00,0,23
style.css,117,css,e3b6a71e,JACK-coder0315,2025-05-18,10:19:34,-07:00,2025-05-18T10:19:34-07:00,0,15
style.css,118,css,e3b6a71e,JACK-coder0315,2025-05-18,10:19:34,-07:00,2025-05-18T10:19:34-07:00,0,0
style.css,119,css,e3b6a71e,JACK-coder0315,2025-05-18,10:19:34,-07:00,2025-05-18T10:19:34-07:00,0,0
style.css,120,css,e3b6a71e,JACK-coder0315,2025-05-18,10:19:34,-07:00,2025-05-18T10:19:34-07:00,0,31
style.css,121,css,e3b6a71e,JACK-coder0315,2025-05-18,10:19:34,-07:00,2025-05-18T10:19:34-07:00,0,10
style.css,122,css,e3b6a71e,JACK-coder0315,2025-05-18,10:19:34,-07:00,2025-05-18T10:19:34-07:00,0,14
style.css,123,css,e3b6a71e,JACK-coder0315,2025-05-18,10:19:34,-07:00,2025-05-18T10:19:34-07:00,0,15
style.css,124,css,e3b6a71e,JACK-coder0315,2025-05-18,10:19:34,-07:00,2025-05-18T10:19:34-07:00,0,22
style.css,125,css,e3b6a71e,JACK-coder0315,2025-05-18,10:19:34,-07:00,2025-05-18T10:19:34-07:00,0,18
style.css,126,css,e3b6a71e,JACK-coder0315,2025-05-18,10:19:34,-07:00,2025-05-18T10:19:34-07:00,0,0
style.css,127,css,e3b6a71e,JACK-coder0315,2025-05-18,10:19:34,-07:00,2025-05-18T10:19:34-07:00,0,0
style.css,128,css,e3b6a71e,JACK-coder0315,2025-05-18,10:19:34,-07:00,2025-05-18T10:19:34-07:00,0,35
style.css,129,css,c8bc629e,JACK-coder0315,2025-05-05,09:19:13,-07:00,2025-05-05T09:19:13-07:00,0,13
style.css,130,css,e3b6a71e,JACK-coder0315,2025-05-18,10:19:34,-07:00,2025-05-18T10:19:34-07:00,0,60
style.css,131,css,e3b6a71e,JACK-coder0315,2025-05-18,10:19:34,-07:00,2025-05-18T10:19:34-07:00,0,8
style.css,132,css,e3b6a71e,JACK-coder0315,2025-05-18,10:19:34,-07:00,2025-05-18T10:19:34-07:00,0,12
style.css,133,css,c8bc629e,JACK-coder0315,2025-05-05,09:19:13,-07:00,2025-05-05T09:19:13-07:00,0,0
style.css,134,css,c8bc629e,JACK-coder0315,2025-05-05,09:19:13,-07:00,2025-05-05T09:19:13-07:00,0,0
style.css,135,css,e3b6a71e,JACK-coder0315,2025-05-18,10:19:34,-07:00,2025-05-18T10:19:34-07:00,0,34
style.css,136,css,e3b6a71e,JACK-coder0315,2025-05-18,10:19:34,-07:00,2025-05-18T10:19:34-07:00,0,23
style.css,137,css,e3b6a71e,JACK-coder0315,2025-05-18,10:19:34,-07:00,2025-05-18T10:19:34-07:00,0,18
style.css,138,css,e3b6a71e,JACK-coder0315,2025-05-18,10:19:34,-07:00,2025-05-18T10:19:34-07:00,0,39
style.css,139,css,e3b6a71e,JACK-coder0315,2025-05-18,10:19:34,-07:00,2025-05-18T10:19:34-07:00,0,12
style.css,140,css,e3b6a71e,JACK-coder0315,2025-05-18,10:19:34,-07:00,2025-05-18T10:19:34-07:00,0,18
style.css,141,css,c8bc629e,JACK-coder0315,2025-05-05,09:19:13,-07:00,2025-05-05T09:19:13-07:00,0,0
style.css,142,css,c8bc629e,JACK-coder0315,2025-05-05,09:19:13,-07:00,2025-05-05T09:19:13-07:00,0,0
style.css,143,css,e3b6a71e,JACK-coder0315,2025-05-18,10:19:34,-07:00,2025-05-18T10:19:34-07:00,0,38
style.css,144,css,c8bc629e,JACK-coder0315,2025-05-05,09:19:13,-07:00,2025-05-05T09:19:13-07:00,0,11
style.css,145,css,e3b6a71e,JACK-coder0315,2025-05-18,10:19:34,-07:00,2025-05-18T10:19:34-07:00,0,13
style.css,146,css,e3b6a71e,JACK-coder0315,2025-05-18,10:19:34,-07:00,2025-05-18T10:19:34-07:00,0,17
style.css,147,css,e3b6a71e,JACK-coder0315,2025-05-18,10:19:34,-07:00,2025-05-18T10:19:34-07:00,0,18
style.css,148,css,e3b6a71e,JACK-coder0315,2025-05-18,10:19:34,-07:00,2025-05-18T10:19:34-07:00,0,16
style.css,149,css,e3b6a71e,JACK-coder0315,2025-05-18,10:19:34,-07:00,2025-05-18T10:19:34-07:00,0,0
style.css,150,css,e3b6a71e,JACK-coder0315,2025-05-18,10:19:34,-07:00,2025-05-18T10:19:34-07:00,0,0
style.css,151,css,e3b6a71e,JACK-coder0315,2025-05-18,10:19:34,-07:00,2025-05-18T10:19:34-07:00,0,37
style.css,152,css,e3b6a71e,JACK-coder0315,2025-05-18,10:19:34,-07:00,2025-05-18T10:19:34-07:00,0,17
style.css,153,css,e3b6a71e,JACK-coder0315,2025-05-18,10:19:34,-07:00,2025-05-18T10:19:34-07:00,0,15
style.css,154,css,e3b6a71e,JACK-coder0315,2025-05-18,10:19:34,-07:00,2025-05-18T10:19:34-07:00,0,0
style.css,155,css,e3b6a71e,JACK-coder0315,2025-05-18,10:19:34,-07:00,2025-05-18T10:19:34-07:00,0,0
style.css,156,css,e3b6a71e,JACK-coder0315,2025-05-18,10:19:34,-07:00,2025-05-18T10:19:34-07:00,0,36
style.css,157,css,e3b6a71e,JACK-coder0315,2025-05-18,10:19:34,-07:00,2025-05-18T10:19:34-07:00,0,17
style.css,158,css,e3b6a71e,JACK-coder0315,2025-05-18,10:19:34,-07:00,2025-05-18T10:19:34-07:00,0,11
style.css,159,css,e3b6a71e,JACK-coder0315,2025-05-18,10:19:34,-07:00,2025-05-18T10:19:34-07:00,0,0
style.css,160,css,e3b6a71e,JACK-coder0315,2025-05-18,10:19:34,-07:00,2025-05-18T10:19:34-07:00,0,0
style.css,161,css,e3b6a71e,JACK-coder0315,2025-05-18,10:19:34,-07:00,2025-05-18T10:19:34-07:00,0,14
style.css,162,css,e3b6a71e,JACK-coder0315,2025-05-18,10:19:34,-07:00,2025-05-18T10:19:34-07:00,0,16
style.css,163,css,e3b6a71e,JACK-coder0315,2025-05-18,10:19:34,-07:00,2025-05-18T10:19:34-07:00,0,16
style.css,164,css,e3b6a71e,JACK-coder0315,2025-05-18,10:19:34,-07:00,2025-05-18T10:19:34-07:00,0,23
style.css,165,css,e3b6a71e,JACK-coder0315,2025-05-18,10:19:34,-07:00,2025-05-18T10:19:34-07:00,0,12
style.css,166,css,e3b6a71e,JACK-coder0315,2025-05-18,10:19:34,-07:00,2025-05-18T10:19:34-07:00,0,19
style.css,167,css,e3b6a71e,JACK-coder0315,2025-05-18,10:19:34,-07:00,2025-05-18T10:19:34-07:00,0,41
style.css,168,css,e3b6a71e,JACK-coder0315,2025-05-18,10:19:34,-07:00,2025-05-18T10:19:34-07:00,0,0
style.css,169,css,e3b6a71e,JACK-coder0315,2025-05-18,10:19:34,-07:00,2025-05-18T10:19:34-07:00,0,0
style.css,170,css,e3b6a71e,JACK-coder0315,2025-05-18,10:19:34,-07:00,2025-05-18T10:19:34-07:00,0,17
style.css,171,css,e3b6a71e,JACK-coder0315,2025-05-18,10:19:34,-07:00,2025-05-18T10:19:34-07:00,0,13
style.css,172,css,e3b6a71e,JACK-coder0315,2025-05-18,10:19:34,-07:00,2025-05-18T10:19:34-07:00,0,22
style.css,173,css,e3b6a71e,JACK-coder0315,2025-05-18,10:19:34,-07:00,2025-05-18T10:19:34-07:00,0,19
style.css,174,css,e3b6a71e,JACK-coder0315,2025-05-18,10:19:34,-07:00,2025-05-18T10:19:34-07:00,0,0
style.css,175,css,e3b6a71e,JACK-coder0315,2025-05-18,10:19:34,-07:00,2025-05-18T10:19:34-07:00,0,0
style.css,176,css,e3b6a71e,JACK-coder0315,2025-05-18,10:19:34,-07:00,2025-05-18T10:19:34-07:00,0,13
style.css,177,css,e3b6a71e,JACK-coder0315,2025-05-18,10:19:34,-07:00,2025-05-18T10:19:34-07:00,0,12
style.css,178,css,e3b6a71e,JACK-coder0315,2025-05-18,10:19:34,-07:00,2025-05-18T10:19:34-07:00,0,12
style.css,179,css,e3b6a71e,JACK-coder0315,2025-05-18,10:19:34,-07:00,2025-05-18T10:19:34-07:00,0,17
style.css,180,css,e3b6a71e,JACK-coder0315,2025-05-18,10:19:34,-07:00,2025-05-18T10:19:34-07:00,0,13
style.css,181,css,e3b6a71e,JACK-coder0315,2025-05-18,10:19:34,-07:00,2025-05-18T10:19:34-07:00,0,0
style.css,182,css,e3b6a71e,JACK-coder0315,2025-05-18,10:19:34,-07:00,2025-05-18T10:19:34-07:00,0,0
style.css,183,css,e3b6a71e,JACK-coder0315,2025-05-18,10:19:34,-07:00,2025-05-18T10:19:34-07:00,0,12
style.css,184,css,e3b6a71e,JACK-coder0315,2025-05-18,10:19:34,-07:00,2025-05-18T10:19:34-07:00,0,18
style.css,185,css,e3b6a71e,JACK-coder0315,2025-05-18,10:19:34,-07:00,2025-05-18T10:19:34-07:00,0,0
style.css,186,css,e3b6a71e,JACK-coder0315,2025-05-18,10:19:34,-07:00,2025-05-18T10:19:34-07:00,0,0
style.css,187,css,e3b6a71e,JACK-coder0315,2025-05-18,10:19:34,-07:00,2025-05-18T10:19:34-07:00,0,14
style.css,188,css,e3b6a71e,JACK-coder0315,2025-05-18,10:19:34,-07:00,2025-05-18T10:19:34-07:00,0,15
style.css,189,css,e3b6a71e,JACK-coder0315,2025-05-18,10:19:34,-07:00,2025-05-18T10:19:34-07:00,0,17
style.css,190,css,e3b6a71e,JACK-coder0315,2025-05-18,10:19:34,-07:00,2025-05-18T10:19:34-07:00,0,11
style.css,191,css,e3b6a71e,JACK-coder0315,2025-05-18,10:19:34,-07:00,2025-05-18T10:19:34-07:00,0,0
style.css,192,css,e3b6a71e,JACK-coder0315,2025-05-18,10:19:34,-07:00,2025-05-18T10:19:34-07:00,0,0
style.css,193,css,d8558a5f,JACK-coder0315,2025-05-18,12:06:05,-07:00,2025-05-18T12:06:05-07:00,0,7
style.css,194,css,d8558a5f,JACK-coder0315,2025-05-18,12:06:05,-07:00,2025-05-18T12:06:05-07:00,0,13
style.css,195,css,d8558a5f,JACK-coder0315,2025-05-18,12:06:05,-07:00,2025-05-18T12:06:05-07:00,0,31
style.css,196,css,d8558a5f,JACK-coder0315,2025-05-18,12:06:05,-07:00,2025-05-18T12:06:05-07:00,0,14
style.css,197,css,d8558a5f,JACK-coder0315,2025-05-18,12:06:05,-07:00,2025-05-18T12:06:05-07:00,0,13
style.css,198,css,d8558a5f,JACK-coder0315,2025-05-18,12:06:05,-07:00,2025-05-18T12:06:05-07:00,0,0
style.css,199,css,d8558a5f,JACK-coder0315,2025-05-18,12:06:05,-07:00,2025-05-18T12:06:05-07:00,0,0
style.css,200,css,d8558a5f,JACK-coder0315,2025-05-18,12:06:05,-07:00,2025-05-18T12:06:05-07:00,0,9
style.css,201,css,d8558a5f,JACK-coder0315,2025-05-18,12:06:05,-07:00,2025-05-18T12:06:05-07:00,0,17
style.css,202,css,d8558a5f,JACK-coder0315,2025-05-18,12:06:05,-07:00,2025-05-18T12:06:05-07:00,0,0
style.css,203,css,d8558a5f,JACK-coder0315,2025-05-18,12:06:05,-07:00,2025-05-18T12:06:05-07:00,0,0
style.css,204,css,d8558a5f,JACK-coder0315,2025-05-18,12:06:05,-07:00,2025-05-18T12:06:05-07:00,0,9
style.css,205,css,d8558a5f,JACK-coder0315,2025-05-18,12:06:05,-07:00,2025-05-18T12:06:05-07:00,0,9
style.css,206,css,d8558a5f,JACK-coder0315,2025-05-18,12:06:05,-07:00,2025-05-18T12:06:05-07:00,0,0
style.css,207,css,e3b6a71e,JACK-coder0315,2025-05-18,10:19:34,-07:00,2025-05-18T10:19:34-07:00,0,0
style.css,208,css,e3b6a71e,JACK-coder0315,2025-05-18,10:19:34,-07:00,2025-05-18T10:19:34-07:00,0,11
style.css,209,css,d8558a5f,JACK-coder0315,2025-05-18,12:06:05,-07:00,2025-05-18T12:06:05-07:00,0,16
style.css,210,css,d8558a5f,JACK-coder0315,2025-05-18,12:06:05,-07:00,2025-05-18T12:06:05-07:00,0,12
style.css,211,css,d8558a5f,JACK-coder0315,2025-05-18,12:06:05,-07:00,2025-05-18T12:06:05-07:00,0,19
style.css,212,css,d8558a5f,JACK-coder0315,2025-05-18,12:06:05,-07:00,2025-05-18T12:06:05-07:00,0,0
style.css,213,css,d8558a5f,JACK-coder0315,2025-05-18,12:06:05,-07:00,2025-05-18T12:06:05-07:00,0,0
style.css,214,css,d8558a5f,JACK-coder0315,2025-05-18,12:06:05,-07:00,2025-05-18T12:06:05-07:00,0,16
style.css,215,css,d8558a5f,JACK-coder0315,2025-05-18,12:06:05,-07:00,2025-05-18T12:06:05-07:00,0,13
style.css,216,css,d8558a5f,JACK-coder0315,2025-05-18,12:06:05,-07:00,2025-05-18T12:06:05-07:00,0,0
style.css,217,css,e3b6a71e,JACK-coder0315,2025-05-18,10:19:34,-07:00,2025-05-18T10:19:34-07:00,0,0
style.css,218,css,e3b6a71e,JACK-coder0315,2025-05-18,10:19:34,-07:00,2025-05-18T10:19:34-07:00,0,8
style.css,219,css,d8558a5f,JACK-coder0315,2025-05-18,12:06:05,-07:00,2025-05-18T12:06:05-07:00,0,11
style.css,220,css,d8558a5f,JACK-coder0315,2025-05-18,12:06:05,-07:00,2025-05-18T12:06:05-07:00,0,17
style.css,221,css,d8558a5f,JACK-coder0315,2025-05-18,12:06:05,-07:00,2025-05-18T12:06:05-07:00,0,12
style.css,222,css,d8558a5f,JACK-coder0315,2025-05-18,12:06:05,-07:00,2025-05-18T12:06:05-07:00,0,21
style.css,223,css,d8558a5f,JACK-coder0315,2025-05-18,12:06:05,-07:00,2025-05-18T12:06:05-07:00,0,43
style.css,224,css,d8558a5f,JACK-coder0315,2025-05-18,12:06:05,-07:00,2025-05-18T12:06:05-07:00,0,0
style.css,225,css,d8558a5f,JACK-coder0315,2025-05-18,12:06:05,-07:00,2025-05-18T12:06:05-07:00,0,0
style.css,226,css,d8558a5f,JACK-coder0315,2025-05-18,12:06:05,-07:00,2025-05-18T12:06:05-07:00,0,25
style.css,227,css,d8558a5f,JACK-coder0315,2025-05-18,12:06:05,-07:00,2025-05-18T12:06:05-07:00,0,3
style.css,228,css,d8558a5f,JACK-coder0315,2025-05-18,12:06:05,-07:00,2025-05-18T12:06:05-07:00,0,21
style.css,229,css,d8558a5f,JACK-coder0315,2025-05-18,12:06:05,-07:00,2025-05-18T12:06:05-07:00,0,0
style.css,230,css,d8558a5f,JACK-coder0315,2025-05-18,12:06:05,-07:00,2025-05-18T12:06:05-07:00,0,0
style.css,231,css,e3b6a71e,JACK-coder0315,2025-05-18,10:19:34,-07:00,2025-05-18T10:19:34-07:00,0,0
style.css,232,css,e3b6a71e,JACK-coder0315,2025-05-18,10:19:34,-07:00,2025-05-18T10:19:34-07:00,0,18
style.css,233,css,e3b6a71e,JACK-coder0315,2025-05-18,10:19:34,-07:00,2025-05-18T10:19:34-07:00,0,24
style.css,234,css,d8558a5f,JACK-coder0315,2025-05-18,12:06:05,-07:00,2025-05-18T12:06:05-07:00,0,25
style.css,235,css,d8558a5f,JACK-coder0315,2025-05-18,12:06:05,-07:00,2025-05-18T12:06:05-07:00,0,27
style.css,236,css,e3b6a71e,JACK-coder0315,2025-05-18,10:19:34,-07:00,2025-05-18T10:19:34-07:00,0,10
style.css,237,css,e3b6a71e,JACK-coder0315,2025-05-18,10:19:34,-07:00,2025-05-18T10:19:34-07:00,0,18
style.css,238,css,e3b6a71e,JACK-coder0315,2025-05-18,10:19:34,-07:00,2025-05-18T10:19:34-07:00,0,0
style.css,239,css,d8558a5f,JACK-coder0315,2025-05-18,12:06:05,-07:00,2025-05-18T12:06:05-07:00,0,0
style.css,240,css,e3b6a71e,JACK-coder0315,2025-05-18,10:19:34,-07:00,2025-05-18T10:19:34-07:00,0,30
style.css,241,css,e3b6a71e,JACK-coder0315,2025-05-18,10:19:34,-07:00,2025-05-18T10:19:34-07:00,0,25
style.css,242,css,e3b6a71e,JACK-coder0315,2025-05-18,10:19:34,-07:00,2025-05-18T10:19:34-07:00,0,10
style.css,243,css,e3b6a71e,JACK-coder0315,2025-05-18,10:19:34,-07:00,2025-05-18T10:19:34-07:00,0,19
style.css,244,css,e3b6a71e,JACK-coder0315,2025-05-18,10:19:34,-07:00,2025-05-18T10:19:34-07:00,0,0
style.css,245,css,e3b6a71e,JACK-coder0315,2025-05-18,10:19:34,-07:00,2025-05-18T10:19:34-07:00,0,0
style.css,246,css,e3b6a71e,JACK-coder0315,2025-05-18,10:19:34,-07:00,2025-05-18T10:19:34-07:00,0,16
style.css,247,css,e3b6a71e,JACK-coder0315,2025-05-18,10:19:34,-07:00,2025-05-18T10:19:34-07:00,0,15
style.css,248,css,e3b6a71e,JACK-coder0315,2025-05-18,10:19:34,-07:00,2025-05-18T10:19:34-07:00,0,8
style.css,249,css,e3b6a71e,JACK-coder0315,2025-05-18,10:19:34,-07:00,2025-05-18T10:19:34-07:00,0,9
style.css,250,css,d8558a5f,JACK-coder0315,2025-05-18,12:06:05,-07:00,2025-05-18T12:06:05-07:00,0,36
style.css,251,css,d8558a5f,JACK-coder0315,2025-05-18,12:06:05,-07:00,2025-05-18T12:06:05-07:00,0,40
style.css,252,css,c50888cb,JACK-coder0315,2025-05-05,09:04:16,-07:00,2025-05-05T09:04:16-07:00,0,14
style.css,253,css,e3b6a71e,JACK-coder0315,2025-05-18,10:19:34,-07:00,2025-05-18T10:19:34-07:00,0,18
style.css,254,css,e3b6a71e,JACK-coder0315,2025-05-18,10:19:34,-07:00,2025-05-18T10:19:34-07:00,0,24
style.css,255,css,e3b6a71e,JACK-coder0315,2025-05-18,10:19:34,-07:00,2025-05-18T10:19:34-07:00,0,16
style.css,256,css,d8558a5f,JACK-coder0315,2025-05-18,12:06:05,-07:00,2025-05-18T12:06:05-07:00,0,13
style.css,257,css,d8558a5f,JACK-coder0315,2025-05-18,12:06:05,-07:00,2025-05-18T12:06:05-07:00,0,10
style.css,258,css,e3b6a71e,JACK-coder0315,2025-05-18,10:19:34,-07:00,2025-05-18T10:19:34-07:00,0,0
style.css,259,css,e3b6a71e,JACK-coder0315,2025-05-18,10:19:34,-07:00,2025-05-18T10:19:34-07:00,0,0
style.css,260,css,e3b6a71e,JACK-coder0315,2025-05-18,10:19:34,-07:00,2025-05-18T10:19:34-07:00,0,9
style.css,261,css,d8558a5f,JACK-coder0315,2025-05-18,12:06:05,-07:00,2025-05-18T12:06:05-07:00,0,13
style.css,262,css,d8558a5f,JACK-coder0315,2025-05-18,12:06:05,-07:00,2025-05-18T12:06:05-07:00,0,26
style.css,263,css,d8558a5f,JACK-coder0315,2025-05-18,12:06:05,-07:00,2025-05-18T12:06:05-07:00,0,24
style.css,264,css,d8558a5f,JACK-coder0315,2025-05-18,12:06:05,-07:00,2025-05-18T12:06:05-07:00,0,23
style.css,265,css,d8558a5f,JACK-coder0315,2025-05-18,12:06:05,-07:00,2025-05-18T12:06:05-07:00,0,0
style.css,266,css,d8558a5f,JACK-coder0315,2025-05-18,12:06:05,-07:00,2025-05-18T12:06:05-07:00,0,0
style.css,267,css,d8558a5f,JACK-coder0315,2025-05-18,12:06:05,-07:00,2025-05-18T12:06:05-07:00,0,22
style.css,268,css,d8558a5f,JACK-coder0315,2025-05-18,12:06:05,-07:00,2025-05-18T12:06:05-07:00,0,12
style.css,269,css,d8558a5f,JACK-coder0315,2025-05-18,12:06:05,-07:00,2025-05-18T12:06:05-07:00,0,17
style.css,270,css,d8558a5f,JACK-coder0315,2025-05-18,12:06:05,-07:00,2025-05-18T12:06:05-07:00,0,0
style.css,271,css,ae7c052c,JACK-coder0315,2025-05-18,11:40:40,-07:00,2025-05-18T11:40:40-07:00,0,0
style.css,272,css,96289fa6,JACK-coder0315,2025-05-18,11:53:38,-07:00,2025-05-18T11:53:38-07:00,0,60
style.css,273,css,d8558a5f,JACK-coder0315,2025-05-18,12:06:05,-07:00,2025-05-18T12:06:05-07:00,0,13
style.css,274,css,d8558a5f,JACK-coder0315,2025-05-18,12:06:05,-07:00,2025-05-18T12:06:05-07:00,0,9
style.css,275,css,d8558a5f,JACK-coder0315,2025-05-18,12:06:05,-07:00,2025-05-18T12:06:05-07:00,0,16
style.css,276,css,d8558a5f,JACK-coder0315,2025-05-18,12:06:05,-07:00,2025-05-18T12:06:05-07:00,0,20
style.css,277,css,d8558a5f,JACK-coder0315,2025-05-18,12:06:05,-07:00,2025-05-18T12:06:05-07:00,0,14
style.css,278,css,d8558a5f,JACK-coder0315,2025-05-18,12:06:05,-07:00,2025-05-18T12:06:05-07:00,0,27
style.css,279,css,d8558a5f,JACK-coder0315,2025-05-18,12:06:05,-07:00,2025-05-18T12:06:05-07:00,0,13
style.css,280,css,d8558a5f,JACK-coder0315,2025-05-18,12:06:05,-07:00,2025-05-18T12:06:05-07:00,0,21
style.css,281,css,96289fa6,JACK-coder0315,2025-05-18,11:53:38,-07:00,2025-05-18T11:53:38-07:00,0,0
style.css,282,css,96289fa6,JACK-coder0315,2025-05-18,11:53:38,-07:00,2025-05-18T11:53:38-07:00,0,0
style.css,283,css,d8558a5f,JACK-coder0315,2025-05-18,12:06:05,-07:00,2025-05-18T12:06:05-07:00,0,19
style.css,284,css,d8558a5f,JACK-coder0315,2025-05-18,12:06:05,-07:00,2025-05-18T12:06:05-07:00,0,19
style.css,285,css,d8558a5f,JACK-coder0315,2025-05-18,12:06:05,-07:00,2025-05-18T12:06:05-07:00,0,19
style.css,286,css,96289fa6,JACK-coder0315,2025-05-18,11:53:38,-07:00,2025-05-18T11:53:38-07:00,0,0
style.css,287,css,96289fa6,JACK-coder0315,2025-05-18,11:53:38,-07:00,2025-05-18T11:53:38-07:00,0,0
style.css,288,css,d8558a5f,JACK-coder0315,2025-05-18,12:06:05,-07:00,2025-05-18T12:06:05-07:00,0,13
style.css,289,css,96289fa6,JACK-coder0315,2025-05-18,11:53:38,-07:00,2025-05-18T11:53:38-07:00,0,33
style.css,290,css,d8558a5f,JACK-coder0315,2025-05-18,12:06:05,-07:00,2025-05-18T12:06:05-07:00,0,14
style.css,291,css,d8558a5f,JACK-coder0315,2025-05-18,12:06:05,-07:00,2025-05-18T12:06:05-07:00,0,17
style.css,292,css,d8558a5f,JACK-coder0315,2025-05-18,12:06:05,-07:00,2025-05-18T12:06:05-07:00,0,14
style.css,293,css,96289fa6,JACK-coder0315,2025-05-18,11:53:38,-07:00,2025-05-18T11:53:38-07:00,0,0
style.css,294,css,96289fa6,JACK-coder0315,2025-05-18,11:53:38,-07:00,2025-05-18T11:53:38-07:00,0,12
style.css,295,css,d8558a5f,JACK-coder0315,2025-05-18,12:06:05,-07:00,2025-05-18T12:06:05-07:00,0,16
style.css,296,css,d8558a5f,JACK-coder0315,2025-05-18,12:06:05,-07:00,2025-05-18T12:06:05-07:00,0,11
style.css,297,css,d8558a5f,JACK-coder0315,2025-05-18,12:06:05,-07:00,2025-05-18T12:06:05-07:00,0,23
style.css,298,css,d8558a5f,JACK-coder0315,2025-05-18,12:06:05,-07:00,2025-05-18T12:06:05-07:00,0,12
style.css,299,css,d8558a5f,JACK-coder0315,2025-05-18,12:06:05,-07:00,2025-05-18T12:06:05-07:00,0,15
style.css,300,css,d8558a5f,JACK-coder0315,2025-05-18,12:06:05,-07:00,2025-05-18T12:06:05-07:00,0,18
style.css,301,css,ae7c052c,JACK-coder0315,2025-05-18,11:40:40,-07:00,2025-05-18T11:40:40-07:00,0,0
style.css,302,css,96289fa6,JACK-coder0315,2025-05-18,11:53:38,-07:00,2025-05-18T11:53:38-07:00,0,33
style.css,303,css,d8558a5f,JACK-coder0315,2025-05-18,12:06:05,-07:00,2025-05-18T12:06:05-07:00,0,8
style.css,304,css,d8558a5f,JACK-coder0315,2025-05-18,12:06:05,-07:00,2025-05-18T12:06:05-07:00,0,10
style.css,305,css,d8558a5f,JACK-coder0315,2025-05-18,12:06:05,-07:00,2025-05-18T12:06:05-07:00,0,12
style.css,306,css,ae7c052c,JACK-coder0315,2025-05-18,11:40:40,-07:00,2025-05-18T11:40:40-07:00,0,0
style.css,307,css,96289fa6,JACK-coder0315,2025-05-18,11:53:38,-07:00,2025-05-18T11:53:38-07:00,0,44
style.css,308,css,ae7c052c,JACK-coder0315,2025-05-18,11:40:40,-07:00,2025-05-18T11:40:40-07:00,0,16
style.css,309,css,96289fa6,JACK-coder0315,2025-05-18,11:53:38,-07:00,2025-05-18T11:53:38-07:00,0,33
style.css,310,css,96289fa6,JACK-coder0315,2025-05-18,11:53:38,-07:00,2025-05-18T11:53:38-07:00,0,33
style.css,311,css,ae7c052c,JACK-coder0315,2025-05-18,11:40:40,-07:00,2025-05-18T11:40:40-07:00,0,15
style.css,312,css,96289fa6,JACK-coder0315,2025-05-18,11:53:38,-07:00,2025-05-18T11:53:38-07:00,0,69
style.css,313,css,ae7c052c,JACK-coder0315,2025-05-18,11:40:40,-07:00,2025-05-18T11:40:40-07:00,0,9
style.css,314,css,d8558a5f,JACK-coder0315,2025-05-18,12:06:05,-07:00,2025-05-18T12:06:05-07:00,0,28
style.css,315,css,ae7c052c,JACK-coder0315,2025-05-18,11:40:40,-07:00,2025-05-18T11:40:40-07:00,0,0
style.css,316,css,ae7c052c,JACK-coder0315,2025-05-18,11:40:40,-07:00,2025-05-18T11:40:40-07:00,0,0
style.css,317,css,96289fa6,JACK-coder0315,2025-05-18,11:53:38,-07:00,2025-05-18T11:53:38-07:00,0,33
style.css,318,css,d8558a5f,JACK-coder0315,2025-05-18,12:06:05,-07:00,2025-05-18T12:06:05-07:00,0,44
style.css,319,css,d8558a5f,JACK-coder0315,2025-05-18,12:06:05,-07:00,2025-05-18T12:06:05-07:00,0,11
style.css,320,css,ae7c052c,JACK-coder0315,2025-05-18,11:40:40,-07:00,2025-05-18T11:40:40-07:00,0,0
style.css,321,css,96289fa6,JACK-coder0315,2025-05-18,11:53:38,-07:00,2025-05-18T11:53:38-07:00,0,0
style.css,322,css,ae7c052c,JACK-coder0315,2025-05-18,11:40:40,-07:00,2025-05-18T11:40:40-07:00,0,15
style.css,323,css,d8558a5f,JACK-coder0315,2025-05-18,12:06:05,-07:00,2025-05-18T12:06:05-07:00,0,31
style.css,324,css,d8558a5f,JACK-coder0315,2025-05-18,12:06:05,-07:00,2025-05-18T12:06:05-07:00,0,11
style.css,325,css,d8558a5f,JACK-coder0315,2025-05-18,12:06:05,-07:00,2025-05-18T12:06:05-07:00,0,23
style.css,326,css,ae7c052c,JACK-coder0315,2025-05-18,11:40:40,-07:00,2025-05-18T11:40:40-07:00,0,0
style.css,327,css,ae7c052c,JACK-coder0315,2025-05-18,11:40:40,-07:00,2025-05-18T11:40:40-07:00,0,0
style.css,328,css,f0731a81,JACK-coder0315,2025-05-18,11:58:53,-07:00,2025-05-18T11:58:53-07:00,0,39
style.css,329,css,d8558a5f,JACK-coder0315,2025-05-18,12:06:05,-07:00,2025-05-18T12:06:05-07:00,0,35
style.css,330,css,d8558a5f,JACK-coder0315,2025-05-18,12:06:05,-07:00,2025-05-18T12:06:05-07:00,0,16
style.css,331,css,d8558a5f,JACK-coder0315,2025-05-18,12:06:05,-07:00,2025-05-18T12:06:05-07:00,0,11
style.css,332,css,d8558a5f,JACK-coder0315,2025-05-18,12:06:05,-07:00,2025-05-18T12:06:05-07:00,0,12
style.css,333,css,d8558a5f,JACK-coder0315,2025-05-18,12:06:05,-07:00,2025-05-18T12:06:05-07:00,0,18
style.css,334,css,d8558a5f,JACK-coder0315,2025-05-18,12:06:05,-07:00,2025-05-18T12:06:05-07:00,0,19
style.css,335,css,d8558a5f,JACK-coder0315,2025-05-18,12:06:05,-07:00,2025-05-18T12:06:05-07:00,0,12
style.css,336,css,f0731a81,JACK-coder0315,2025-05-18,11:58:53,-07:00,2025-05-18T11:58:53-07:00,0,20
style.css,337,css,d8558a5f,JACK-coder0315,2025-05-18,12:06:05,-07:00,2025-05-18T12:06:05-07:00,0,16
style.css,338,css,ae7c052c,JACK-coder0315,2025-05-18,11:40:40,-07:00,2025-05-18T11:40:40-07:00,0,0
style.css,339,css,f0731a81,JACK-coder0315,2025-05-18,11:58:53,-07:00,2025-05-18T11:58:53-07:00,0,0
style.css,340,css,f0731a81,JACK-coder0315,2025-05-18,11:58:53,-07:00,2025-05-18T11:58:53-07:00,0,12
style.css,341,css,d8558a5f,JACK-coder0315,2025-05-18,12:06:05,-07:00,2025-05-18T12:06:05-07:00,0,31
style.css,342,css,d8558a5f,JACK-coder0315,2025-05-18,12:06:05,-07:00,2025-05-18T12:06:05-07:00,0,11
style.css,343,css,d8558a5f,JACK-coder0315,2025-05-18,12:06:05,-07:00,2025-05-18T12:06:05-07:00,0,12
style.css,344,css,d8558a5f,JACK-coder0315,2025-05-18,12:06:05,-07:00,2025-05-18T12:06:05-07:00,0,18
style.css,345,css,d8558a5f,JACK-coder0315,2025-05-18,12:06:05,-07:00,2025-05-18T12:06:05-07:00,0,19
style.css,346,css,d8558a5f,JACK-coder0315,2025-05-18,12:06:05,-07:00,2025-05-18T12:06:05-07:00,0,12
style.css,347,css,d8558a5f,JACK-coder0315,2025-05-18,12:06:05,-07:00,2025-05-18T12:06:05-07:00,0,16
style.css,348,css,d8558a5f,JACK-coder0315,2025-05-18,12:06:05,-07:00,2025-05-18T12:06:05-07:00,0,9
style.css,349,css,d8558a5f,JACK-coder0315,2025-05-18,12:06:05,-07:00,2025-05-18T12:06:05-07:00,0,0
style.css,350,css,d8558a5f,JACK-coder0315,2025-05-18,12:06:05,-07:00,2025-05-18T12:06:05-07:00,0,0
style.css,351,css,d8558a5f,JACK-coder0315,2025-05-18,12:06:05,-07:00,2025-05-18T12:06:05-07:00,0,7
style.css,352,css,d8558a5f,JACK-coder0315,2025-05-18,12:06:05,-07:00,2025-05-18T12:06:05-07:00,0,13
style.css,353,css,d8558a5f,JACK-coder0315,2025-05-18,12:06:05,-07:00,2025-05-18T12:06:05-07:00,0,31
style.css,354,css,d8558a5f,JACK-coder0315,2025-05-18,12:06:05,-07:00,2025-05-18T12:06:05-07:00,0,13
style.css,355,css,d8558a5f,JACK-coder0315,2025-05-18,12:06:05,-07:00,2025-05-18T12:06:05-07:00,0,15
style.css,356,css,d8558a5f,JACK-coder0315,2025-05-18,12:06:05,-07:00,2025-05-18T12:06:05-07:00,0,16
style.css,357,css,d8558a5f,JACK-coder0315,2025-05-18,12:06:05,-07:00,2025-05-18T12:06:05-07:00,0,0
style.css,358,css,d8558a5f,JACK-coder0315,2025-05-18,12:06:05,-07:00,2025-05-18T12:06:05-07:00,0,0
style.css,359,css,d8558a5f,JACK-coder0315,2025-05-18,12:06:05,-07:00,2025-05-18T12:06:05-07:00,0,11
style.css,360,css,d8558a5f,JACK-coder0315,2025-05-18,12:06:05,-07:00,2025-05-18T12:06:05-07:00,0,19
style.css,361,css,d8558a5f,JACK-coder0315,2025-05-18,12:06:05,-07:00,2025-05-18T12:06:05-07:00,0,13
style.css,362,css,d8558a5f,JACK-coder0315,2025-05-18,12:06:05,-07:00,2025-05-18T12:06:05-07:00,0,30
style.css,363,css,d8558a5f,JACK-coder0315,2025-05-18,12:06:05,-07:00,2025-05-18T12:06:05-07:00,0,0
style.css,364,css,d8558a5f,JACK-coder0315,2025-05-18,12:06:05,-07:00,2025-05-18T12:06:05-07:00,0,0
style.css,365,css,d8558a5f,JACK-coder0315,2025-05-18,12:06:05,-07:00,2025-05-18T12:06:05-07:00,0,10
style.css,366,css,d8558a5f,JACK-coder0315,2025-05-18,12:06:05,-07:00,2025-05-18T12:06:05-07:00,0,14
style.css,367,css,d8558a5f,JACK-coder0315,2025-05-18,12:06:05,-07:00,2025-05-18T12:06:05-07:00,0,9
style.css,368,css,d8558a5f,JACK-coder0315,2025-05-18,12:06:05,-07:00,2025-05-18T12:06:05-07:00,0,0
style.css,369,css,d8558a5f,JACK-coder0315,2025-05-18,12:06:05,-07:00,2025-05-18T12:06:05-07:00,0,0
style.css,370,css,d8558a5f,JACK-coder0315,2025-05-18,12:06:05,-07:00,2025-05-18T12:06:05-07:00,0,10
style.css,371,css,d8558a5f,JACK-coder0315,2025-05-18,12:06:05,-07:00,2025-05-18T12:06:05-07:00,0,14
style.css,372,css,d8558a5f,JACK-coder0315,2025-05-18,12:06:05,-07:00,2025-05-18T12:06:05-07:00,0,14
style.css,373,css,d8558a5f,JACK-coder0315,2025-05-18,12:06:05,-07:00,2025-05-18T12:06:05-07:00,0,13
style.css,374,css,d8558a5f,JACK-coder0315,2025-05-18,12:06:05,-07:00,2025-05-18T12:06:05-07:00,0,15
style.css,375,css,d8558a5f,JACK-coder0315,2025-05-18,12:06:05,-07:00,2025-05-18T12:06:05-07:00,0,18
style.css,376,css,d8558a5f,JACK-coder0315,2025-05-18,12:06:05,-07:00,2025-05-18T12:06:05-07:00,0,20
style.css,377,css,d8558a5f,JACK-coder0315,2025-05-18,12:06:05,-07:00,2025-05-18T12:06:05-07:00,0,10
style.css,378,css,d8558a5f,JACK-coder0315,2025-05-18,12:06:05,-07:00,2025-05-18T12:06:05-07:00,0,17
style.css,379,css,d8558a5f,JACK-coder0315,2025-05-18,12:06:05,-07:00,2025-05-18T12:06:05-07:00,0,0
style.css,380,css,d8558a5f,JACK-coder0315,2025-05-18,12:06:05,-07:00,2025-05-18T12:06:05-07:00,0,0
style.css,381,css,d8558a5f,JACK-coder0315,2025-05-18,12:06:05,-07:00,2025-05-18T12:06:05-07:00,0,16
style.css,382,css,d8558a5f,JACK-coder0315,2025-05-18,12:06:05,-07:00,2025-05-18T12:06:05-07:00,0,14
style.css,383,css,d8558a5f,JACK-coder0315,2025-05-18,12:06:05,-07:00,2025-05-18T12:06:05-07:00,0,12
style.css,384,css,d8558a5f,JACK-coder0315,2025-05-18,12:06:05,-07:00,2025-05-18T12:06:05-07:00,0,16
style.css,385,css,d8558a5f,JACK-coder0315,2025-05-18,12:06:05,-07:00,2025-05-18T12:06:05-07:00,0,16
style.css,386,css,d8558a5f,JACK-coder0315,2025-05-18,12:06:05,-07:00,2025-05-18T12:06:05-07:00,0,0
style.css,387,css,d8558a5f,JACK-coder0315,2025-05-18,12:06:05,-07:00,2025-05-18T12:06:05-07:00,0,0
style.css,388,css,d8558a5f,JACK-coder0315,2025-05-18,12:06:05,-07:00,2025-05-18T12:06:05-07:00,0,6
style.css,389,css,d8558a5f,JACK-coder0315,2025-05-18,12:06:05,-07:00,2025-05-18T12:06:05-07:00,0,13
style.css,390,css,d8558a5f,JACK-coder0315,2025-05-18,12:06:05,-07:00,2025-05-18T12:06:05-07:00,0,11
style.css,391,css,d8558a5f,JACK-coder0315,2025-05-18,12:06:05,-07:00,2025-05-18T12:06:05-07:00,0,15
style.css,392,css,d8558a5f,JACK-coder0315,2025-05-18,12:06:05,-07:00,2025-05-18T12:06:05-07:00,0,18
style.css,393,css,e9d87fe7,JACK-coder0315,2025-05-18,12:16:56,-07:00,2025-05-18T12:16:56-07:00,0,0
style.css,394,css,e9d87fe7,JACK-coder0315,2025-05-18,12:16:56,-07:00,2025-05-18T12:16:56-07:00,0,0
style.css,395,css,e9d87fe7,JACK-coder0315,2025-05-18,12:16:56,-07:00,2025-05-18T12:16:56-07:00,0,12
style.css,396,css,e9d87fe7,JACK-coder0315,2025-05-18,12:16:56,-07:00,2025-05-18T12:16:56-07:00,0,13
style.css,397,css,e9d87fe7,JACK-coder0315,2025-05-18,12:16:56,-07:00,2025-05-18T12:16:56-07:00,0,27
style.css,398,css,e9d87fe7,JACK-coder0315,2025-05-18,12:16:56,-07:00,2025-05-18T12:16:56-07:00,0,0
style.css,399,css,e9d87fe7,JACK-coder0315,2025-05-18,12:16:56,-07:00,2025-05-18T12:16:56-07:00,0,0
style.css,400,css,e9d87fe7,JACK-coder0315,2025-05-18,12:16:56,-07:00,2025-05-18T12:16:56-07:00,0,34
style.css,401,css,e9d87fe7,JACK-coder0315,2025-05-18,12:16:56,-07:00,2025-05-18T12:16:56-07:00,0,15
style.css,402,css,e9d87fe7,JACK-coder0315,2025-05-18,12:16:56,-07:00,2025-05-18T12:16:56-07:00,0,18
style.css,403,css,e9d87fe7,JACK-coder0315,2025-05-18,12:16:56,-07:00,2025-05-18T12:16:56-07:00,0,12
style.css,404,css,e9d87fe7,JACK-coder0315,2025-05-18,12:16:56,-07:00,2025-05-18T12:16:56-07:00,0,44
style.css,405,css,e9d87fe7,JACK-coder0315,2025-05-18,12:16:56,-07:00,2025-05-18T12:16:56-07:00,0,0
style.css,406,css,e9d87fe7,JACK-coder0315,2025-05-18,12:16:56,-07:00,2025-05-18T12:16:56-07:00,0,0
style.css,407,css,e9d87fe7,JACK-coder0315,2025-05-18,12:16:56,-07:00,2025-05-18T12:16:56-07:00,0,10
style.css,408,css,e9d87fe7,JACK-coder0315,2025-05-18,12:16:56,-07:00,2025-05-18T12:16:56-07:00,0,17
style.css,409,css,e9d87fe7,JACK-coder0315,2025-05-18,12:16:56,-07:00,2025-05-18T12:16:56-07:00,0,13
style.css,410,css,e9d87fe7,JACK-coder0315,2025-05-18,12:16:56,-07:00,2025-05-18T12:16:56-07:00,0,17
style.css,411,css,e9d87fe7,JACK-coder0315,2025-05-18,12:16:56,-07:00,2025-05-18T12:16:56-07:00,0,9
style.css,412,css,e9d87fe7,JACK-coder0315,2025-05-18,12:16:56,-07:00,2025-05-18T12:16:56-07:00,0,12
style.css,413,css,e9d87fe7,JACK-coder0315,2025-05-18,12:16:56,-07:00,2025-05-18T12:16:56-07:00,0,17
style.css,414,css,e9d87fe7,JACK-coder0315,2025-05-18,12:16:56,-07:00,2025-05-18T12:16:56-07:00,0,21
style.css,415,css,e9d87fe7,JACK-coder0315,2025-05-18,12:16:56,-07:00,2025-05-18T12:16:56-07:00,0,18
style.css,416,css,e9d87fe7,JACK-coder0315,2025-05-18,12:16:56,-07:00,2025-05-18T12:16:56-07:00,0,0
style.css,417,css,e9d87fe7,JACK-coder0315,2025-05-18,12:16:56,-07:00,2025-05-18T12:16:56-07:00,0,0
style.css,418,css,e9d87fe7,JACK-coder0315,2025-05-18,12:16:56,-07:00,2025-05-18T12:16:56-07:00,0,11
style.css,419,css,e9d87fe7,JACK-coder0315,2025-05-18,12:16:56,-07:00,2025-05-18T12:16:56-07:00,0,6
style.css,420,css,e9d87fe7,JACK-coder0315,2025-05-18,12:16:56,-07:00,2025-05-18T12:16:56-07:00,0,13
style.css,421,css,e9d87fe7,JACK-coder0315,2025-05-18,12:16:56,-07:00,2025-05-18T12:16:56-07:00,0,0
style.css,422,css,e9d87fe7,JACK-coder0315,2025-05-18,12:16:56,-07:00,2025-05-18T12:16:56-07:00,0,0
style.css,423,css,e9d87fe7,JACK-coder0315,2025-05-18,12:16:56,-07:00,2025-05-18T12:16:56-07:00,0,23
style.css,424,css,e9d87fe7,JACK-coder0315,2025-05-18,12:16:56,-07:00,2025-05-18T12:16:56-07:00,0,7
style.css,425,css,e9d87fe7,JACK-coder0315,2025-05-18,12:16:56,-07:00,2025-05-18T12:16:56-07:00,0,17
style.css,426,css,e9d87fe7,JACK-coder0315,2025-05-18,12:16:56,-07:00,2025-05-18T12:16:56-07:00,0,19
style.css,427,css,e9d87fe7,JACK-coder0315,2025-05-18,12:16:56,-07:00,2025-05-18T12:16:56-07:00,0,10
style.css,428,css,e9d87fe7,JACK-coder0315,2025-05-18,12:16:56,-07:00,2025-05-18T12:16:56-07:00,0,15
style.css,429,css,e9d87fe7,JACK-coder0315,2025-05-18,12:16:56,-07:00,2025-05-18T12:16:56-07:00,0,19
style.css,430,css,e9d87fe7,JACK-coder0315,2025-05-18,12:16:56,-07:00,2025-05-18T12:16:56-07:00,0,0
style.css,431,css,e9d87fe7,JACK-coder0315,2025-05-18,12:16:56,-07:00,2025-05-18T12:16:56-07:00,0,0
style.css,432,css,e9d87fe7,JACK-coder0315,2025-05-18,12:16:56,-07:00,2025-05-18T12:16:56-07:00,0,17
style.css,433,css,e9d87fe7,JACK-coder0315,2025-05-18,12:16:56,-07:00,2025-05-18T12:16:56-07:00,0,16
style.css,434,css,e9d87fe7,JACK-coder0315,2025-05-18,12:16:56,-07:00,2025-05-18T12:16:56-07:00,0,17
style.css,435,css,e9d87fe7,JACK-coder0315,2025-05-18,12:16:56,-07:00,2025-05-18T12:16:56-07:00,0,13
style.css,436,css,e9d87fe7,JACK-coder0315,2025-05-18,12:16:56,-07:00,2025-05-18T12:16:56-07:00,0,10
style.css,437,css,e9d87fe7,JACK-coder0315,2025-05-18,12:16:56,-07:00,2025-05-18T12:16:56-07:00,0,0
style.css,438,css,e9d87fe7,JACK-coder0315,2025-05-18,12:16:56,-07:00,2025-05-18T12:16:56-07:00,0,0
style.css,439,css,e9d87fe7,JACK-coder0315,2025-05-18,12:16:56,-07:00,2025-05-18T12:16:56-07:00,0,13
style.css,440,css,e9d87fe7,JACK-coder0315,2025-05-18,12:16:56,-07:00,2025-05-18T12:16:56-07:00,0,5
style.css,441,css,6814ee5c,JACK-coder0315,2025-05-18,20:50:50,-07:00,2025-05-18T20:50:50-07:00,0,51
style.css,442,css,e9d87fe7,JACK-coder0315,2025-05-18,12:16:56,-07:00,2025-05-18T12:16:56-07:00,0,12
style.css,443,css,e9d87fe7,JACK-coder0315,2025-05-18,12:16:56,-07:00,2025-05-18T12:16:56-07:00,0,21
style.css,444,css,e9d87fe7,JACK-coder0315,2025-05-18,12:16:56,-07:00,2025-05-18T12:16:56-07:00,0,28
style.css,445,css,e9d87fe7,JACK-coder0315,2025-05-18,12:16:56,-07:00,2025-05-18T12:16:56-07:00,0,0
index.html,1,html,95bc6713,JACK-coder0315,2025-04-03,22:16:52,-07:00,2025-04-03T22:16:52-07:00,0,14
index.html,2,html,95bc6713,JACK-coder0315,2025-04-03,22:16:52,-07:00,2025-04-03T22:16:52-07:00,0,15
index.html,3,html,2f7a7219,JACK-coder0315,2025-04-15,20:30:44,-07:00,2025-04-15T20:30:44-07:00,0,0
index.html,4,html,95bc6713,JACK-coder0315,2025-04-03,22:16:52,-07:00,2025-04-03T22:16:52-07:00,0,5
index.html,5,html,95bc6713,JACK-coder0315,2025-04-03,22:16:52,-07:00,2025-04-03T22:16:52-07:00,0,21
index.html,6,html,95bc6713,JACK-coder0315,2025-04-03,22:16:52,-07:00,2025-04-03T22:16:52-07:00,0,69
index.html,7,html,22efe58f,JACK-coder0315,2025-04-04,18:15:08,-07:00,2025-04-04T18:15:08-07:00,0,23
index.html,8,html,bee7135b,JACK-coder0315,2025-04-04,18:07:21,-07:00,2025-04-04T18:07:21-07:00,0,39
index.html,9,html,993b12b6,JACK-coder0315,2025-04-15,20:54:10,-07:00,2025-04-15T20:54:10-07:00,0,57
index.html,10,html,95bc6713,JACK-coder0315,2025-04-03,22:16:52,-07:00,2025-04-03T22:16:52-07:00,0,6
index.html,11,html,2f7a7219,JACK-coder0315,2025-04-15,20:30:44,-07:00,2025-04-15T20:30:44-07:00,0,0
index.html,12,html,95bc6713,JACK-coder0315,2025-04-03,22:16:52,-07:00,2025-04-03T22:16:52-07:00,0,5
index.html,13,html,993b12b6,JACK-coder0315,2025-04-15,20:54:10,-07:00,2025-04-15T20:54:10-07:00,0,29
index.html,14,html,22efe58f,JACK-coder0315,2025-04-04,18:15:08,-07:00,2025-04-04T18:15:08-07:00,0,34
index.html,15,html,7f22f093,JACK-coder0315,2025-04-04,18:20:03,-07:00,2025-04-04T18:20:03-07:00,0,24
index.html,16,html,22efe58f,JACK-coder0315,2025-04-04,18:15:08,-07:00,2025-04-04T18:15:08-07:00,0,28
index.html,17,html,572a472a,JACK-coder0315,2025-04-04,19:04:13,-07:00,2025-04-04T19:04:13-07:00,0,71
index.html,18,html,22efe58f,JACK-coder0315,2025-04-04,18:15:08,-07:00,2025-04-04T18:15:08-07:00,0,23
index.html,19,html,b3047733,JACK-coder0315,2025-04-04,18:42:28,-07:00,2025-04-04T18:42:28-07:00,0,14
index.html,20,html,572a472a,JACK-coder0315,2025-04-04,19:04:13,-07:00,2025-04-04T19:04:13-07:00,0,53
index.html,21,html,b3047733,JACK-coder0315,2025-04-04,18:42:28,-07:00,2025-04-04T18:42:28-07:00,0,52
index.html,22,html,22efe58f,JACK-coder0315,2025-04-04,18:15:08,-07:00,2025-04-04T18:15:08-07:00,0,5
index.html,23,html,22efe58f,JACK-coder0315,2025-04-04,18:15:08,-07:00,2025-04-04T18:15:08-07:00,0,5
index.html,24,html,22efe58f,JACK-coder0315,2025-04-04,18:15:08,-07:00,2025-04-04T18:15:08-07:00,0,5
index.html,25,html,95bc6713,JACK-coder0315,2025-04-03,22:16:52,-07:00,2025-04-03T22:16:52-07:00,0,6
index.html,26,html,2f7a7219,JACK-coder0315,2025-04-15,20:30:44,-07:00,2025-04-15T20:30:44-07:00,0,0
index.html,27,html,95bc6713,JACK-coder0315,2025-04-03,22:16:52,-07:00,2025-04-03T22:16:52-07:00,0,6
global.js,1,js,7e28afd6,JACK-coder0315,2025-04-15,20:25:56,-07:00,2025-04-15T20:25:56-07:00,0,26
global.js,2,js,7e28afd6,JACK-coder0315,2025-04-15,20:25:56,-07:00,2025-04-15T20:25:56-07:00,0,0
global.js,3,js,993b12b6,JACK-coder0315,2025-04-15,20:54:10,-07:00,2025-04-15T20:54:10-07:00,0,79
global.js,4,js,7e28afd6,JACK-coder0315,2025-04-15,20:25:56,-07:00,2025-04-15T20:25:56-07:00,0,0
global.js,5,js,7e28afd6,JACK-coder0315,2025-04-15,20:25:56,-07:00,2025-04-15T20:25:56-07:00,0,12
global.js,6,js,895a26bf,JACK-coder0315,2025-04-15,21:46:22,-07:00,2025-04-15T21:46:22-07:00,0,26
global.js,7,js,895a26bf,JACK-coder0315,2025-04-15,21:46:22,-07:00,2025-04-15T21:46:22-07:00,0,39
global.js,8,js,895a26bf,JACK-coder0315,2025-04-15,21:46:22,-07:00,2025-04-15T21:46:22-07:00,0,37
global.js,9,js,895a26bf,JACK-coder0315,2025-04-15,21:46:22,-07:00,2025-04-15T21:46:22-07:00,0,35
global.js,10,js,895a26bf,JACK-coder0315,2025-04-15,21:46:22,-07:00,2025-04-15T21:46:22-07:00,0,46
global.js,11,js,16d8da24,JACK-coder0315,2025-04-27,14:19:22,-07:00,2025-04-27T14:19:22-07:00,0,49
global.js,12,js,0d54d140,JACK-coder0315,2025-05-05,06:02:22,-07:00,2025-05-05T06:02:22-07:00,0,61
global.js,13,js,dc23af13,JACK-coder0315,2025-05-05,06:57:22,-07:00,2025-05-05T06:57:22-07:00,0,44
global.js,14,js,895a26bf,JACK-coder0315,2025-04-15,21:46:22,-07:00,2025-04-15T21:46:22-07:00,0,1
global.js,15,js,7e28afd6,JACK-coder0315,2025-04-15,20:25:56,-07:00,2025-04-15T20:25:56-07:00,0,0
global.js,16,js,993b12b6,JACK-coder0315,2025-04-15,20:54:10,-07:00,2025-04-15T20:54:10-07:00,0,35
global.js,17,js,895a26bf,JACK-coder0315,2025-04-15,21:46:22,-07:00,2025-04-15T21:46:22-07:00,0,0
global.js,18,js,7e28afd6,JACK-coder0315,2025-04-15,20:25:56,-07:00,2025-04-15T20:25:56-07:00,0,21
global.js,19,js,993b12b6,JACK-coder0315,2025-04-15,20:54:10,-07:00,2025-04-15T20:54:10-07:00,0,62
global.js,20,js,a0d38b45,JACK-coder0315,2025-04-15,21:02:55,-07:00,2025-04-15T21:02:55-07:00,0,97
global.js,21,js,993b12b6,JACK-coder0315,2025-04-15,20:54:10,-07:00,2025-04-15T20:54:10-07:00,0,0
global.js,22,js,7e28afd6,JACK-coder0315,2025-04-15,20:25:56,-07:00,2025-04-15T20:25:56-07:00,0,0
global.js,23,js,895a26bf,JACK-coder0315,2025-04-15,21:46:22,-07:00,2025-04-15T21:46:22-07:00,0,11
global.js,24,js,b67d6438,JACK-coder0315,2025-04-15,21:30:36,-07:00,2025-04-15T21:30:36-07:00,0,27
global.js,25,js,993b12b6,JACK-coder0315,2025-04-15,20:54:10,-07:00,2025-04-15T20:54:10-07:00,0,5
global.js,26,js,993b12b6,JACK-coder0315,2025-04-15,20:54:10,-07:00,2025-04-15T20:54:10-07:00,0,7
global.js,27,js,993b12b6,JACK-coder0315,2025-04-15,20:54:10,-07:00,2025-04-15T20:54:10-07:00,0,35
global.js,28,js,993b12b6,JACK-coder0315,2025-04-15,20:54:10,-07:00,2025-04-15T20:54:10-07:00,0,33
global.js,29,js,993b12b6,JACK-coder0315,2025-04-15,20:54:10,-07:00,2025-04-15T20:54:10-07:00,0,35
global.js,30,js,993b12b6,JACK-coder0315,2025-04-15,20:54:10,-07:00,2025-04-15T20:54:10-07:00,0,8
global.js,31,js,993b12b6,JACK-coder0315,2025-04-15,20:54:10,-07:00,2025-04-15T20:54:10-07:00,0,7
global.js,32,js,895a26bf,JACK-coder0315,2025-04-15,21:46:22,-07:00,2025-04-15T21:46:22-07:00,0,5
global.js,33,js,b67d6438,JACK-coder0315,2025-04-15,21:30:36,-07:00,2025-04-15T21:30:36-07:00,0,1
global.js,34,js,b67d6438,JACK-coder0315,2025-04-15,21:30:36,-07:00,2025-04-15T21:30:36-07:00,0,0
global.js,35,js,895a26bf,JACK-coder0315,2025-04-15,21:46:22,-07:00,2025-04-15T21:46:22-07:00,0,82
global.js,36,js,895a26bf,JACK-coder0315,2025-04-15,21:46:22,-07:00,2025-04-15T21:46:22-07:00,0,0
global.js,37,js,895a26bf,JACK-coder0315,2025-04-15,21:46:22,-07:00,2025-04-15T21:46:22-07:00,0,51
global.js,38,js,895a26bf,JACK-coder0315,2025-04-15,21:46:22,-07:00,2025-04-15T21:46:22-07:00,0,66
global.js,39,js,895a26bf,JACK-coder0315,2025-04-15,21:46:22,-07:00,2025-04-15T21:46:22-07:00,0,26
global.js,40,js,895a26bf,JACK-coder0315,2025-04-15,21:46:22,-07:00,2025-04-15T21:46:22-07:00,0,0
global.js,41,js,895a26bf,JACK-coder0315,2025-04-15,21:46:22,-07:00,2025-04-15T21:46:22-07:00,0,2
global.js,42,js,2f7a7219,JACK-coder0315,2025-04-15,20:30:44,-07:00,2025-04-15T20:30:44-07:00,0,0
global.js,43,js,2f7a7219,JACK-coder0315,2025-04-15,20:30:44,-07:00,2025-04-15T20:30:44-07:00,0,45
global.js,44,js,895a26bf,JACK-coder0315,2025-04-15,21:46:22,-07:00,2025-04-15T21:46:22-07:00,0,0
global.js,45,js,2f7a7219,JACK-coder0315,2025-04-15,20:30:44,-07:00,2025-04-15T20:30:44-07:00,0,32
global.js,46,js,993b12b6,JACK-coder0315,2025-04-15,20:54:10,-07:00,2025-04-15T20:54:10-07:00,0,25
global.js,47,js,993b12b6,JACK-coder0315,2025-04-15,20:54:10,-07:00,2025-04-15T20:54:10-07:00,0,61
global.js,48,js,993b12b6,JACK-coder0315,2025-04-15,20:54:10,-07:00,2025-04-15T20:54:10-07:00,0,7
global.js,49,js,993b12b6,JACK-coder0315,2025-04-15,20:54:10,-07:00,2025-04-15T20:54:10-07:00,0,66
global.js,50,js,993b12b6,JACK-coder0315,2025-04-15,20:54:10,-07:00,2025-04-15T20:54:10-07:00,0,0
global.js,51,js,993b12b6,JACK-coder0315,2025-04-15,20:54:10,-07:00,2025-04-15T20:54:10-07:00,0,21
global.js,52,js,2f7a7219,JACK-coder0315,2025-04-15,20:30:44,-07:00,2025-04-15T20:30:44-07:00,0,0
global.js,53,js,895a26bf,JACK-coder0315,2025-04-15,21:46:22,-07:00,2025-04-15T21:46:22-07:00,0,0
global.js,54,js,2f7a7219,JACK-coder0315,2025-04-15,20:30:44,-07:00,2025-04-15T20:30:44-07:00,0,35
global.js,55,js,993b12b6,JACK-coder0315,2025-04-15,20:54:10,-07:00,2025-04-15T20:54:10-07:00,0,40
global.js,56,js,2f7a7219,JACK-coder0315,2025-04-15,20:30:44,-07:00,2025-04-15T20:30:44-07:00,0,7
global.js,57,js,993b12b6,JACK-coder0315,2025-04-15,20:54:10,-07:00,2025-04-15T20:54:10-07:00,0,24
global.js,58,js,2f7a7219,JACK-coder0315,2025-04-15,20:30:44,-07:00,2025-04-15T20:30:44-07:00,0,0
global.js,59,js,895a26bf,JACK-coder0315,2025-04-15,21:46:22,-07:00,2025-04-15T21:46:22-07:00,0,0
global.js,60,js,993b12b6,JACK-coder0315,2025-04-15,20:54:10,-07:00,2025-04-15T20:54:10-07:00,0,40
global.js,61,js,993b12b6,JACK-coder0315,2025-04-15,20:54:10,-07:00,2025-04-15T20:54:10-07:00,0,41
global.js,62,js,993b12b6,JACK-coder0315,2025-04-15,20:54:10,-07:00,2025-04-15T20:54:10-07:00,0,30
global.js,63,js,2f7a7219,JACK-coder0315,2025-04-15,20:30:44,-07:00,2025-04-15T20:30:44-07:00,0,2
global.js,64,js,a0d38b45,JACK-coder0315,2025-04-15,21:02:55,-07:00,2025-04-15T21:02:55-07:00,0,0
visualization\visualization.js,1,js,8e3ea324,JACK-coder0315,2025-04-27,17:22:49,-07:00,2025-04-27T17:22:49-07:00,0,17
visualization\visualization.js,2,js,8e3ea324,JACK-coder0315,2025-04-27,17:22:49,-07:00,2025-04-27T17:22:49-07:00,0,43
visualization\visualization.js,3,js,8e3ea324,JACK-coder0315,2025-04-27,17:22:49,-07:00,2025-04-27T17:22:49-07:00,0,0
visualization\visualization.js,4,js,8e3ea324,JACK-coder0315,2025-04-27,17:22:49,-07:00,2025-04-27T17:22:49-07:00,0,79
visualization\visualization.js,5,js,8e3ea324,JACK-coder0315,2025-04-27,17:22:49,-07:00,2025-04-27T17:22:49-07:00,0,0
visualization\visualization.js,6,js,8e3ea324,JACK-coder0315,2025-04-27,17:22:49,-07:00,2025-04-27T17:22:49-07:00,0,12
visualization\visualization.js,7,js,8e3ea324,JACK-coder0315,2025-04-27,17:22:49,-07:00,2025-04-27T17:22:49-07:00,0,26
visualization\visualization.js,8,js,8e3ea324,JACK-coder0315,2025-04-27,17:22:49,-07:00,2025-04-27T17:22:49-07:00,0,39
visualization\visualization.js,9,js,8e3ea324,JACK-coder0315,2025-04-27,17:22:49,-07:00,2025-04-27T17:22:49-07:00,0,37
visualization\visualization.js,10,js,8e3ea324,JACK-coder0315,2025-04-27,17:22:49,-07:00,2025-04-27T17:22:49-07:00,0,35
visualization\visualization.js,11,js,8e3ea324,JACK-coder0315,2025-04-27,17:22:49,-07:00,2025-04-27T17:22:49-07:00,0,46
visualization\visualization.js,12,js,8e3ea324,JACK-coder0315,2025-04-27,17:22:49,-07:00,2025-04-27T17:22:49-07:00,0,49
visualization\visualization.js,13,js,ce612542,JACK-coder0315,2025-05-05,08:12:35,-07:00,2025-05-05T08:12:35-07:00,0,61
visualization\visualization.js,14,js,ce612542,JACK-coder0315,2025-05-05,08:12:35,-07:00,2025-05-05T08:12:35-07:00,0,44
visualization\visualization.js,15,js,8e3ea324,JACK-coder0315,2025-04-27,17:22:49,-07:00,2025-04-27T17:22:49-07:00,0,1
visualization\visualization.js,16,js,8e3ea324,JACK-coder0315,2025-04-27,17:22:49,-07:00,2025-04-27T17:22:49-07:00,0,0
visualization\visualization.js,17,js,8e3ea324,JACK-coder0315,2025-04-27,17:22:49,-07:00,2025-04-27T17:22:49-07:00,0,26
visualization\visualization.js,18,js,8e3ea324,JACK-coder0315,2025-04-27,17:22:49,-07:00,2025-04-27T17:22:49-07:00,0,35
visualization\visualization.js,19,js,ad246e80,JACK-coder0315,2025-04-27,17:48:52,-07:00,2025-04-27T17:48:52-07:00,0,0
visualization\visualization.js,20,js,8e3ea324,JACK-coder0315,2025-04-27,17:22:49,-07:00,2025-04-27T17:22:49-07:00,0,21
visualization\visualization.js,21,js,8e3ea324,JACK-coder0315,2025-04-27,17:22:49,-07:00,2025-04-27T17:22:49-07:00,0,62
visualization\visualization.js,22,js,8e3ea324,JACK-coder0315,2025-04-27,17:22:49,-07:00,2025-04-27T17:22:49-07:00,0,97
visualization\visualization.js,23,js,8e3ea324,JACK-coder0315,2025-04-27,17:22:49,-07:00,2025-04-27T17:22:49-07:00,0,0
visualization\visualization.js,24,js,ad246e80,JACK-coder0315,2025-04-27,17:48:52,-07:00,2025-04-27T17:48:52-07:00,0,0
visualization\visualization.js,25,js,8e3ea324,JACK-coder0315,2025-04-27,17:22:49,-07:00,2025-04-27T17:22:49-07:00,0,11
visualization\visualization.js,26,js,8e3ea324,JACK-coder0315,2025-04-27,17:22:49,-07:00,2025-04-27T17:22:49-07:00,0,27
visualization\visualization.js,27,js,8e3ea324,JACK-coder0315,2025-04-27,17:22:49,-07:00,2025-04-27T17:22:49-07:00,0,5
visualization\visualization.js,28,js,8e3ea324,JACK-coder0315,2025-04-27,17:22:49,-07:00,2025-04-27T17:22:49-07:00,0,7
visualization\visualization.js,29,js,8e3ea324,JACK-coder0315,2025-04-27,17:22:49,-07:00,2025-04-27T17:22:49-07:00,0,35
visualization\visualization.js,30,js,8e3ea324,JACK-coder0315,2025-04-27,17:22:49,-07:00,2025-04-27T17:22:49-07:00,0,33
visualization\visualization.js,31,js,8e3ea324,JACK-coder0315,2025-04-27,17:22:49,-07:00,2025-04-27T17:22:49-07:00,0,35
visualization\visualization.js,32,js,8e3ea324,JACK-coder0315,2025-04-27,17:22:49,-07:00,2025-04-27T17:22:49-07:00,0,8
visualization\visualization.js,33,js,8e3ea324,JACK-coder0315,2025-04-27,17:22:49,-07:00,2025-04-27T17:22:49-07:00,0,7
visualization\visualization.js,34,js,3a9580d8,JACK-coder0315,2025-04-27,18:07:05,-07:00,2025-04-27T18:07:05-07:00,0,7
visualization\visualization.js,35,js,8e3ea324,JACK-coder0315,2025-04-27,17:22:49,-07:00,2025-04-27T17:22:49-07:00,0,0
visualization\visualization.js,36,js,8e3ea324,JACK-coder0315,2025-04-27,17:22:49,-07:00,2025-04-27T17:22:49-07:00,0,82
visualization\visualization.js,37,js,8e3ea324,JACK-coder0315,2025-04-27,17:22:49,-07:00,2025-04-27T17:22:49-07:00,0,0
visualization\visualization.js,38,js,8e3ea324,JACK-coder0315,2025-04-27,17:22:49,-07:00,2025-04-27T17:22:49-07:00,0,51
visualization\visualization.js,39,js,8e3ea324,JACK-coder0315,2025-04-27,17:22:49,-07:00,2025-04-27T17:22:49-07:00,0,66
visualization\visualization.js,40,js,8e3ea324,JACK-coder0315,2025-04-27,17:22:49,-07:00,2025-04-27T17:22:49-07:00,0,26
visualization\visualization.js,41,js,8e3ea324,JACK-coder0315,2025-04-27,17:22:49,-07:00,2025-04-27T17:22:49-07:00,0,0
visualization\visualization.js,42,js,8e3ea324,JACK-coder0315,2025-04-27,17:22:49,-07:00,2025-04-27T17:22:49-07:00,0,2
visualization\visualization.js,43,js,8e3ea324,JACK-coder0315,2025-04-27,17:22:49,-07:00,2025-04-27T17:22:49-07:00,0,0
visualization\visualization.js,44,js,8e3ea324,JACK-coder0315,2025-04-27,17:22:49,-07:00,2025-04-27T17:22:49-07:00,0,45
visualization\visualization.js,45,js,8e3ea324,JACK-coder0315,2025-04-27,17:22:49,-07:00,2025-04-27T17:22:49-07:00,0,0
visualization\visualization.js,46,js,8e3ea324,JACK-coder0315,2025-04-27,17:22:49,-07:00,2025-04-27T17:22:49-07:00,0,32
visualization\visualization.js,47,js,8e3ea324,JACK-coder0315,2025-04-27,17:22:49,-07:00,2025-04-27T17:22:49-07:00,0,25
visualization\visualization.js,48,js,8e3ea324,JACK-coder0315,2025-04-27,17:22:49,-07:00,2025-04-27T17:22:49-07:00,0,61
visualization\visualization.js,49,js,8e3ea324,JACK-coder0315,2025-04-27,17:22:49,-07:00,2025-04-27T17:22:49-07:00,0,7
visualization\visualization.js,50,js,8e3ea324,JACK-coder0315,2025-04-27,17:22:49,-07:00,2025-04-27T17:22:49-07:00,0,66
visualization\visualization.js,51,js,8e3ea324,JACK-coder0315,2025-04-27,17:22:49,-07:00,2025-04-27T17:22:49-07:00,0,0
visualization\visualization.js,52,js,8e3ea324,JACK-coder0315,2025-04-27,17:22:49,-07:00,2025-04-27T17:22:49-07:00,0,21
visualization\visualization.js,53,js,8e3ea324,JACK-coder0315,2025-04-27,17:22:49,-07:00,2025-04-27T17:22:49-07:00,0,0
visualization\visualization.js,54,js,8e3ea324,JACK-coder0315,2025-04-27,17:22:49,-07:00,2025-04-27T17:22:49-07:00,0,0
visualization\visualization.js,55,js,8e3ea324,JACK-coder0315,2025-04-27,17:22:49,-07:00,2025-04-27T17:22:49-07:00,0,35
visualization\visualization.js,56,js,8e3ea324,JACK-coder0315,2025-04-27,17:22:49,-07:00,2025-04-27T17:22:49-07:00,0,40
visualization\visualization.js,57,js,8e3ea324,JACK-coder0315,2025-04-27,17:22:49,-07:00,2025-04-27T17:22:49-07:00,0,7
visualization\visualization.js,58,js,8e3ea324,JACK-coder0315,2025-04-27,17:22:49,-07:00,2025-04-27T17:22:49-07:00,0,24
visualization\visualization.js,59,js,8e3ea324,JACK-coder0315,2025-04-27,17:22:49,-07:00,2025-04-27T17:22:49-07:00,0,0
visualization\visualization.js,60,js,8e3ea324,JACK-coder0315,2025-04-27,17:22:49,-07:00,2025-04-27T17:22:49-07:00,0,0
visualization\visualization.js,61,js,8e3ea324,JACK-coder0315,2025-04-27,17:22:49,-07:00,2025-04-27T17:22:49-07:00,0,40
visualization\visualization.js,62,js,8e3ea324,JACK-coder0315,2025-04-27,17:22:49,-07:00,2025-04-27T17:22:49-07:00,0,41
visualization\visualization.js,63,js,8e3ea324,JACK-coder0315,2025-04-27,17:22:49,-07:00,2025-04-27T17:22:49-07:00,0,30
visualization\visualization.js,64,js,8e3ea324,JACK-coder0315,2025-04-27,17:22:49,-07:00,2025-04-27T17:22:49-07:00,0,2
visualization\visualization.js,65,js,8e3ea324,JACK-coder0315,2025-04-27,17:22:49,-07:00,2025-04-27T17:22:49-07:00,0,0
visualization\visualization.js,66,js,8e3ea324,JACK-coder0315,2025-04-27,17:22:49,-07:00,2025-04-27T17:22:49-07:00,0,0
visualization\visualization.js,67,js,ad246e80,JACK-coder0315,2025-04-27,17:48:52,-07:00,2025-04-27T17:48:52-07:00,0,7
visualization\visualization.js,68,js,8e3ea324,JACK-coder0315,2025-04-27,17:22:49,-07:00,2025-04-27T17:22:49-07:00,0,16
visualization\visualization.js,69,js,8e3ea324,JACK-coder0315,2025-04-27,17:22:49,-07:00,2025-04-27T17:22:49-07:00,0,0
visualization\visualization.js,70,js,8e3ea324,JACK-coder0315,2025-04-27,17:22:49,-07:00,2025-04-27T17:22:49-07:00,0,16
visualization\visualization.js,71,js,16d8da24,JACK-coder0315,2025-04-27,14:19:22,-07:00,2025-04-27T14:19:22-07:00,0,64
visualization\visualization.js,72,js,16d8da24,JACK-coder0315,2025-04-27,14:19:22,-07:00,2025-04-27T14:19:22-07:00,0,0
visualization\visualization.js,73,js,ad246e80,JACK-coder0315,2025-04-27,17:48:52,-07:00,2025-04-27T17:48:52-07:00,0,12
visualization\visualization.js,74,js,d8d82087,JACK-coder0315,2025-04-27,15:43:12,-07:00,2025-04-27T15:43:12-07:00,0,19
visualization\visualization.js,75,js,ad246e80,JACK-coder0315,2025-04-27,17:48:52,-07:00,2025-04-27T17:48:52-07:00,0,47
visualization\visualization.js,76,js,ad246e80,JACK-coder0315,2025-04-27,17:48:52,-07:00,2025-04-27T17:48:52-07:00,0,50
visualization\visualization.js,77,js,ad246e80,JACK-coder0315,2025-04-27,17:48:52,-07:00,2025-04-27T17:48:52-07:00,0,51
visualization\visualization.js,78,js,ad246e80,JACK-coder0315,2025-04-27,17:48:52,-07:00,2025-04-27T17:48:52-07:00,0,48
visualization\visualization.js,79,js,ad246e80,JACK-coder0315,2025-04-27,17:48:52,-07:00,2025-04-27T17:48:52-07:00,0,58
visualization\visualization.js,80,js,ad246e80,JACK-coder0315,2025-04-27,17:48:52,-07:00,2025-04-27T17:48:52-07:00,0,42
visualization\visualization.js,81,js,bc7dbc54,JACK-coder0315,2025-04-27,14:32:47,-07:00,2025-04-27T14:32:47-07:00,0,1
visualization\visualization.js,82,js,bc7dbc54,JACK-coder0315,2025-04-27,14:32:47,-07:00,2025-04-27T14:32:47-07:00,0,0
visualization\visualization.js,83,js,bc7dbc54,JACK-coder0315,2025-04-27,14:32:47,-07:00,2025-04-27T14:32:47-07:00,0,48
visualization\visualization.js,84,js,bc7dbc54,JACK-coder0315,2025-04-27,14:32:47,-07:00,2025-04-27T14:32:47-07:00,0,0
visualization\visualization.js,85,js,429896d8,JACK-coder0315,2025-04-27,15:37:01,-07:00,2025-04-27T15:37:01-07:00,0,22
visualization\visualization.js,86,js,d8d82087,JACK-coder0315,2025-04-27,15:43:12,-07:00,2025-04-27T15:43:12-07:00,0,21
visualization\visualization.js,87,js,09b2405b,JACK-coder0315,2025-04-27,16:54:12,-07:00,2025-04-27T16:54:12-07:00,0,36
visualization\visualization.js,88,js,429896d8,JACK-coder0315,2025-04-27,15:37:01,-07:00,2025-04-27T15:37:01-07:00,0,0
visualization\visualization.js,89,js,8e3ea324,JACK-coder0315,2025-04-27,17:22:49,-07:00,2025-04-27T17:22:49-07:00,0,15
visualization\visualization.js,90,js,429896d8,JACK-coder0315,2025-04-27,15:37:01,-07:00,2025-04-27T15:37:01-07:00,0,35
visualization\visualization.js,91,js,429896d8,JACK-coder0315,2025-04-27,15:37:01,-07:00,2025-04-27T15:37:01-07:00,0,41
visualization\visualization.js,92,js,09b2405b,JACK-coder0315,2025-04-27,16:54:12,-07:00,2025-04-27T16:54:12-07:00,0,30
visualization\visualization.js,93,js,429896d8,JACK-coder0315,2025-04-27,15:37:01,-07:00,2025-04-27T15:37:01-07:00,0,33
visualization\visualization.js,94,js,09b2405b,JACK-coder0315,2025-04-27,16:54:12,-07:00,2025-04-27T16:54:12-07:00,0,31
visualization\visualization.js,95,js,429896d8,JACK-coder0315,2025-04-27,15:37:01,-07:00,2025-04-27T15:37:01-07:00,0,0
visualization\visualization.js,96,js,8e3ea324,JACK-coder0315,2025-04-27,17:22:49,-07:00,2025-04-27T17:22:49-07:00,0,58
visualization\visualization.js,97,js,8e3ea324,JACK-coder0315,2025-04-27,17:22:49,-07:00,2025-04-27T17:22:49-07:00,0,49
visualization\visualization.js,98,js,429896d8,JACK-coder0315,2025-04-27,15:37:01,-07:00,2025-04-27T15:37:01-07:00,0,39
visualization\visualization.js,99,js,429896d8,JACK-coder0315,2025-04-27,15:37:01,-07:00,2025-04-27T15:37:01-07:00,0,0
visualization\visualization.js,100,js,429896d8,JACK-coder0315,2025-04-27,15:37:01,-07:00,2025-04-27T15:37:01-07:00,0,28
visualization\visualization.js,101,js,429896d8,JACK-coder0315,2025-04-27,15:37:01,-07:00,2025-04-27T15:37:01-07:00,0,17
visualization\visualization.js,102,js,429896d8,JACK-coder0315,2025-04-27,15:37:01,-07:00,2025-04-27T15:37:01-07:00,0,26
visualization\visualization.js,103,js,429896d8,JACK-coder0315,2025-04-27,15:37:01,-07:00,2025-04-27T15:37:01-07:00,0,25
visualization\visualization.js,104,js,429896d8,JACK-coder0315,2025-04-27,15:37:01,-07:00,2025-04-27T15:37:01-07:00,0,21
visualization\visualization.js,105,js,429896d8,JACK-coder0315,2025-04-27,15:37:01,-07:00,2025-04-27T15:37:01-07:00,0,19
visualization\visualization.js,106,js,429896d8,JACK-coder0315,2025-04-27,15:37:01,-07:00,2025-04-27T15:37:01-07:00,0,48
visualization\visualization.js,107,js,429896d8,JACK-coder0315,2025-04-27,15:37:01,-07:00,2025-04-27T15:37:01-07:00,0,17
visualization\visualization.js,108,js,d8d82087,JACK-coder0315,2025-04-27,15:43:12,-07:00,2025-04-27T15:43:12-07:00,0,16
visualization\visualization.js,109,js,429896d8,JACK-coder0315,2025-04-27,15:37:01,-07:00,2025-04-27T15:37:01-07:00,0,2
visualization\visualization.js,110,js,429896d8,JACK-coder0315,2025-04-27,15:37:01,-07:00,2025-04-27T15:37:01-07:00,0,2
visualization\visualization.js,111,js,429896d8,JACK-coder0315,2025-04-27,15:37:01,-07:00,2025-04-27T15:37:01-07:00,0,0
visualization\visualization.js,112,js,429896d8,JACK-coder0315,2025-04-27,15:37:01,-07:00,2025-04-27T15:37:01-07:00,0,30
visualization\visualization.js,113,js,429896d8,JACK-coder0315,2025-04-27,15:37:01,-07:00,2025-04-27T15:37:01-07:00,0,18
visualization\visualization.js,114,js,429896d8,JACK-coder0315,2025-04-27,15:37:01,-07:00,2025-04-27T15:37:01-07:00,0,39
visualization\visualization.js,115,js,429896d8,JACK-coder0315,2025-04-27,15:37:01,-07:00,2025-04-27T15:37:01-07:00,0,21
visualization\visualization.js,116,js,ad246e80,JACK-coder0315,2025-04-27,17:48:52,-07:00,2025-04-27T17:48:52-07:00,0,81
visualization\visualization.js,117,js,429896d8,JACK-coder0315,2025-04-27,15:37:01,-07:00,2025-04-27T15:37:01-07:00,0,19
visualization\visualization.js,118,js,429896d8,JACK-coder0315,2025-04-27,15:37:01,-07:00,2025-04-27T15:37:01-07:00,0,48
visualization\visualization.js,119,js,429896d8,JACK-coder0315,2025-04-27,15:37:01,-07:00,2025-04-27T15:37:01-07:00,0,17
visualization\visualization.js,120,js,d8d82087,JACK-coder0315,2025-04-27,15:43:12,-07:00,2025-04-27T15:43:12-07:00,0,16
visualization\visualization.js,121,js,429896d8,JACK-coder0315,2025-04-27,15:37:01,-07:00,2025-04-27T15:37:01-07:00,0,2
visualization\visualization.js,122,js,429896d8,JACK-coder0315,2025-04-27,15:37:01,-07:00,2025-04-27T15:37:01-07:00,0,2
visualization\visualization.js,123,js,429896d8,JACK-coder0315,2025-04-27,15:37:01,-07:00,2025-04-27T15:37:01-07:00,0,0
visualization\visualization.js,124,js,429896d8,JACK-coder0315,2025-04-27,15:37:01,-07:00,2025-04-27T15:37:01-07:00,0,17
visualization\visualization.js,125,js,3a9580d8,JACK-coder0315,2025-04-27,18:07:05,-07:00,2025-04-27T18:07:05-07:00,0,25
visualization\visualization.js,126,js,429896d8,JACK-coder0315,2025-04-27,15:37:01,-07:00,2025-04-27T15:37:01-07:00,0,0
visualization\visualization.js,127,js,429896d8,JACK-coder0315,2025-04-27,15:37:01,-07:00,2025-04-27T15:37:01-07:00,0,0
visualization\visualization.js,128,js,7c75c0d4,JACK-coder0315,2025-04-27,17:36:21,-07:00,2025-04-27T17:36:21-07:00,0,14
visualization\visualization.js,129,js,429896d8,JACK-coder0315,2025-04-27,15:37:01,-07:00,2025-04-27T15:37:01-07:00,0,27
visualization\visualization.js,130,js,429896d8,JACK-coder0315,2025-04-27,15:37:01,-07:00,2025-04-27T15:37:01-07:00,0,51
visualization\visualization.js,131,js,429896d8,JACK-coder0315,2025-04-27,15:37:01,-07:00,2025-04-27T15:37:01-07:00,0,44
visualization\visualization.js,132,js,429896d8,JACK-coder0315,2025-04-27,15:37:01,-07:00,2025-04-27T15:37:01-07:00,0,0
visualization\visualization.js,133,js,429896d8,JACK-coder0315,2025-04-27,15:37:01,-07:00,2025-04-27T15:37:01-07:00,0,74
visualization\visualization.js,134,js,429896d8,JACK-coder0315,2025-04-27,15:37:01,-07:00,2025-04-27T15:37:01-07:00,0,80
visualization\visualization.js,135,js,429896d8,JACK-coder0315,2025-04-27,15:37:01,-07:00,2025-04-27T15:37:01-07:00,0,0
visualization\visualization.js,136,js,429896d8,JACK-coder0315,2025-04-27,15:37:01,-07:00,2025-04-27T15:37:01-07:00,0,0
visualization\visualization.js,137,js,8e3ea324,JACK-coder0315,2025-04-27,17:22:49,-07:00,2025-04-27T17:22:49-07:00,0,14
visualization\visualization.js,138,js,ad246e80,JACK-coder0315,2025-04-27,17:48:52,-07:00,2025-04-27T17:48:52-07:00,0,37
visualization\visualization.js,139,js,f8c2766f,JACK-coder0315,2025-04-27,17:15:51,-07:00,2025-04-27T17:15:51-07:00,0,51
visualization\visualization.js,140,js,f8c2766f,JACK-coder0315,2025-04-27,17:15:51,-07:00,2025-04-27T17:15:51-07:00,0,19
visualization\visualization.js,141,js,2710049e,JACK-coder0315,2025-04-27,16:20:58,-07:00,2025-04-27T16:20:58-07:00,0,0
visualization\visualization.js,142,js,f8c2766f,JACK-coder0315,2025-04-27,17:15:51,-07:00,2025-04-27T17:15:51-07:00,0,30
visualization\visualization.js,143,js,2710049e,JACK-coder0315,2025-04-27,16:20:58,-07:00,2025-04-27T16:20:58-07:00,0,40
visualization\visualization.js,144,js,2710049e,JACK-coder0315,2025-04-27,16:20:58,-07:00,2025-04-27T16:20:58-07:00,0,31
visualization\visualization.js,145,js,d8d82087,JACK-coder0315,2025-04-27,15:43:12,-07:00,2025-04-27T15:43:12-07:00,0,0
visualization\visualization.js,146,js,f8c2766f,JACK-coder0315,2025-04-27,17:15:51,-07:00,2025-04-27T17:15:51-07:00,0,39
visualization\visualization.js,147,js,3a9580d8,JACK-coder0315,2025-04-27,18:07:05,-07:00,2025-04-27T18:07:05-07:00,0,0
visualization\visualization.js,148,js,ad246e80,JACK-coder0315,2025-04-27,17:48:52,-07:00,2025-04-27T17:48:52-07:00,0,35
visualization\visualization.js,149,js,6fbdee21,JACK-coder0315,2025-04-27,17:56:36,-07:00,2025-04-27T17:56:36-07:00,0,40
visualization\visualization.js,150,js,ad246e80,JACK-coder0315,2025-04-27,17:48:52,-07:00,2025-04-27T17:48:52-07:00,0,45
visualization\visualization.js,151,js,6fbdee21,JACK-coder0315,2025-04-27,17:56:36,-07:00,2025-04-27T17:56:36-07:00,0,43
visualization\visualization.js,152,js,ad246e80,JACK-coder0315,2025-04-27,17:48:52,-07:00,2025-04-27T17:48:52-07:00,0,46
visualization\visualization.js,153,js,6fbdee21,JACK-coder0315,2025-04-27,17:56:36,-07:00,2025-04-27T17:56:36-07:00,0,44
visualization\visualization.js,154,js,3a9580d8,JACK-coder0315,2025-04-27,18:07:05,-07:00,2025-04-27T18:07:05-07:00,0,43
visualization\visualization.js,155,js,3a9580d8,JACK-coder0315,2025-04-27,18:07:05,-07:00,2025-04-27T18:07:05-07:00,0,39
visualization\visualization.js,156,js,ad246e80,JACK-coder0315,2025-04-27,17:48:52,-07:00,2025-04-27T17:48:52-07:00,0,53
visualization\visualization.js,157,js,6fbdee21,JACK-coder0315,2025-04-27,17:56:36,-07:00,2025-04-27T17:56:36-07:00,0,51
visualization\visualization.js,158,js,ad246e80,JACK-coder0315,2025-04-27,17:48:52,-07:00,2025-04-27T17:48:52-07:00,0,38
visualization\visualization.js,159,js,6fbdee21,JACK-coder0315,2025-04-27,17:56:36,-07:00,2025-04-27T17:56:36-07:00,0,36
visualization\visualization.js,160,js,ad246e80,JACK-coder0315,2025-04-27,17:48:52,-07:00,2025-04-27T17:48:52-07:00,0,7
visualization\visualization.js,161,js,3a9580d8,JACK-coder0315,2025-04-27,18:07:05,-07:00,2025-04-27T18:07:05-07:00,0,60
visualization\visualization.js,162,js,ad246e80,JACK-coder0315,2025-04-27,17:48:52,-07:00,2025-04-27T17:48:52-07:00,0,0
visualization\visualization.js,163,js,f8c2766f,JACK-coder0315,2025-04-27,17:15:51,-07:00,2025-04-27T17:15:51-07:00,0,0
visualization\visualization.js,164,js,6fbdee21,JACK-coder0315,2025-04-27,17:56:36,-07:00,2025-04-27T17:56:36-07:00,0,20
visualization\visualization.js,165,js,3a9580d8,JACK-coder0315,2025-04-27,18:07:05,-07:00,2025-04-27T18:07:05-07:00,0,68
visualization\visualization.js,166,js,6fbdee21,JACK-coder0315,2025-04-27,17:56:36,-07:00,2025-04-27T17:56:36-07:00,0,1
visualization\visualization.js,167,js,6fbdee21,JACK-coder0315,2025-04-27,17:56:36,-07:00,2025-04-27T17:56:36-07:00,0,0
visualization\visualization.js,168,js,f8c2766f,JACK-coder0315,2025-04-27,17:15:51,-07:00,2025-04-27T17:15:51-07:00,0,40
visualization\visualization.js,169,js,3a9580d8,JACK-coder0315,2025-04-27,18:07:05,-07:00,2025-04-27T18:07:05-07:00,0,50
visualization\visualization.js,170,js,f8c2766f,JACK-coder0315,2025-04-27,17:15:51,-07:00,2025-04-27T17:15:51-07:00,0,0
visualization\visualization.js,171,js,f8c2766f,JACK-coder0315,2025-04-27,17:15:51,-07:00,2025-04-27T17:15:51-07:00,0,38
visualization\visualization.js,172,js,e3160793,JACK-coder0315,2025-04-27,17:31:57,-07:00,2025-04-27T17:31:57-07:00,0,45
visualization\visualization.js,173,js,f8c2766f,JACK-coder0315,2025-04-27,17:15:51,-07:00,2025-04-27T17:15:51-07:00,0,0
visualization\visualization.js,174,js,f8c2766f,JACK-coder0315,2025-04-27,17:15:51,-07:00,2025-04-27T17:15:51-07:00,0,21
visualization\visualization.js,175,js,f8c2766f,JACK-coder0315,2025-04-27,17:15:51,-07:00,2025-04-27T17:15:51-07:00,0,23
visualization\visualization.js,176,js,f8c2766f,JACK-coder0315,2025-04-27,17:15:51,-07:00,2025-04-27T17:15:51-07:00,0,22
visualization\visualization.js,177,js,f8c2766f,JACK-coder0315,2025-04-27,17:15:51,-07:00,2025-04-27T17:15:51-07:00,0,22
visualization\visualization.js,178,js,f8c2766f,JACK-coder0315,2025-04-27,17:15:51,-07:00,2025-04-27T17:15:51-07:00,0,2
visualization\visualization.js,179,js,d8d82087,JACK-coder0315,2025-04-27,15:43:12,-07:00,2025-04-27T15:43:12-07:00,0,0
visualization\visualization.js,180,js,d8d82087,JACK-coder0315,2025-04-27,15:43:12,-07:00,2025-04-27T15:43:12-07:00,0,0
visualization\visualization.js,181,js,e3160793,JACK-coder0315,2025-04-27,17:31:57,-07:00,2025-04-27T17:31:57-07:00,0,31
visualization\visualization.js,182,js,ad246e80,JACK-coder0315,2025-04-27,17:48:52,-07:00,2025-04-27T17:48:52-07:00,0,30
visualization\visualization.js,183,js,ad246e80,JACK-coder0315,2025-04-27,17:48:52,-07:00,2025-04-27T17:48:52-07:00,0,115
visualization\visualization.js,184,js,ad246e80,JACK-coder0315,2025-04-27,17:48:52,-07:00,2025-04-27T17:48:52-07:00,0,40
visualization\visualization.js,185,js,6fbdee21,JACK-coder0315,2025-04-27,17:56:36,-07:00,2025-04-27T17:56:36-07:00,0,89
visualization\visualization.js,186,js,ad246e80,JACK-coder0315,2025-04-27,17:48:52,-07:00,2025-04-27T17:48:52-07:00,0,41
visualization\visualization.js,187,js,3a9580d8,JACK-coder0315,2025-04-27,18:07:05,-07:00,2025-04-27T18:07:05-07:00,0,100
visualization\visualization.js,188,js,ad246e80,JACK-coder0315,2025-04-27,17:48:52,-07:00,2025-04-27T17:48:52-07:00,0,38
visualization\visualization.js,189,js,3a9580d8,JACK-coder0315,2025-04-27,18:07:05,-07:00,2025-04-27T18:07:05-07:00,0,94
visualization\visualization.js,190,js,ad246e80,JACK-coder0315,2025-04-27,17:48:52,-07:00,2025-04-27T17:48:52-07:00,0,48
visualization\visualization.js,191,js,3a9580d8,JACK-coder0315,2025-04-27,18:07:05,-07:00,2025-04-27T18:07:05-07:00,0,116
visualization\visualization.js,192,js,ad246e80,JACK-coder0315,2025-04-27,17:48:52,-07:00,2025-04-27T17:48:52-07:00,0,33
visualization\visualization.js,193,js,3a9580d8,JACK-coder0315,2025-04-27,18:07:05,-07:00,2025-04-27T18:07:05-07:00,0,114
visualization\visualization.js,194,js,ad246e80,JACK-coder0315,2025-04-27,17:48:52,-07:00,2025-04-27T17:48:52-07:00,0,7
visualization\visualization.js,195,js,ad246e80,JACK-coder0315,2025-04-27,17:48:52,-07:00,2025-04-27T17:48:52-07:00,0,38
visualization\visualization.js,196,js,e3160793,JACK-coder0315,2025-04-27,17:31:57,-07:00,2025-04-27T17:31:57-07:00,0,0
visualization\visualization.js,197,js,e3160793,JACK-coder0315,2025-04-27,17:31:57,-07:00,2025-04-27T17:31:57-07:00,0,0
visualization\visualization.js,198,js,e3160793,JACK-coder0315,2025-04-27,17:31:57,-07:00,2025-04-27T17:31:57-07:00,0,0
visualization\visualization.js,199,js,e3160793,JACK-coder0315,2025-04-27,17:31:57,-07:00,2025-04-27T17:31:57-07:00,0,54
visualization\visualization.js,200,js,ad246e80,JACK-coder0315,2025-04-27,17:48:52,-07:00,2025-04-27T17:48:52-07:00,0,0
visualization\visualization.js,201,js,429896d8,JACK-coder0315,2025-04-27,15:37:01,-07:00,2025-04-27T15:37:01-07:00,0,49
visualization\visualization.js,202,js,d8d82087,JACK-coder0315,2025-04-27,15:43:12,-07:00,2025-04-27T15:43:12-07:00,0,47
visualization\visualization.js,203,js,3a9580d8,JACK-coder0315,2025-04-27,18:07:05,-07:00,2025-04-27T18:07:05-07:00,0,38
visualization\visualization.js,204,js,ad246e80,JACK-coder0315,2025-04-27,17:48:52,-07:00,2025-04-27T17:48:52-07:00,0,87
visualization\visualization.js,205,js,ad246e80,JACK-coder0315,2025-04-27,17:48:52,-07:00,2025-04-27T17:48:52-07:00,0,1
visualization\visualization.js,206,js,46b539c0,JACK-coder0315,2025-04-27,16:31:11,-07:00,2025-04-27T16:31:11-07:00,0,18
visualization\visualization.js,207,js,429896d8,JACK-coder0315,2025-04-27,15:37:01,-07:00,2025-04-27T15:37:01-07:00,0,28
visualization\visualization.js,208,js,bc7dbc54,JACK-coder0315,2025-04-27,14:32:47,-07:00,2025-04-27T14:32:47-07:00,0,2
visualization\visualization.js,209,js,f8c2766f,JACK-coder0315,2025-04-27,17:15:51,-07:00,2025-04-27T17:15:51-07:00,0,0
visualization\visualization.js,210,js,3a9580d8,JACK-coder0315,2025-04-27,18:07:05,-07:00,2025-04-27T18:07:05-07:00,0,28
visualization\index.html,1,html,16d8da24,JACK-coder0315,2025-04-27,14:19:22,-07:00,2025-04-27T14:19:22-07:00,0,14
visualization\index.html,2,html,16d8da24,JACK-coder0315,2025-04-27,14:19:22,-07:00,2025-04-27T14:19:22-07:00,0,15
visualization\index.html,3,html,16d8da24,JACK-coder0315,2025-04-27,14:19:22,-07:00,2025-04-27T14:19:22-07:00,0,0
visualization\index.html,4,html,16d8da24,JACK-coder0315,2025-04-27,14:19:22,-07:00,2025-04-27T14:19:22-07:00,0,5
visualization\index.html,5,html,46b539c0,JACK-coder0315,2025-04-27,16:31:11,-07:00,2025-04-27T16:31:11-07:00,0,21
visualization\index.html,6,html,46b539c0,JACK-coder0315,2025-04-27,16:31:11,-07:00,2025-04-27T16:31:11-07:00,0,27
visualization\index.html,7,html,46b539c0,JACK-coder0315,2025-04-27,16:31:11,-07:00,2025-04-27T16:31:11-07:00,0,42
visualization\index.html,8,html,46b539c0,JACK-coder0315,2025-04-27,16:31:11,-07:00,2025-04-27T16:31:11-07:00,0,59
visualization\index.html,9,html,16d8da24,JACK-coder0315,2025-04-27,14:19:22,-07:00,2025-04-27T14:19:22-07:00,0,6
visualization\index.html,10,html,16d8da24,JACK-coder0315,2025-04-27,14:19:22,-07:00,2025-04-27T14:19:22-07:00,0,0
visualization\index.html,11,html,f5cc2af7,JACK-coder0315,2025-04-27,17:04:58,-07:00,2025-04-27T17:04:58-07:00,0,32
visualization\index.html,12,html,46b539c0,JACK-coder0315,2025-04-27,16:31:11,-07:00,2025-04-27T16:31:11-07:00,0,29
visualization\index.html,13,html,46b539c0,JACK-coder0315,2025-04-27,16:31:11,-07:00,2025-04-27T16:31:11-07:00,0,7
visualization\index.html,14,html,de230ba2,JACK-coder0315,2025-04-27,18:43:23,-07:00,2025-04-27T18:43:23-07:00,0,66
visualization\index.html,15,html,46b539c0,JACK-coder0315,2025-04-27,16:31:11,-07:00,2025-04-27T16:31:11-07:00,0,8
visualization\index.html,16,html,2710049e,JACK-coder0315,2025-04-27,16:20:58,-07:00,2025-04-27T16:20:58-07:00,0,0
visualization\index.html,17,html,46b539c0,JACK-coder0315,2025-04-27,16:31:11,-07:00,2025-04-27T16:31:11-07:00,0,5
visualization\index.html,18,html,46b539c0,JACK-coder0315,2025-04-27,16:31:11,-07:00,2025-04-27T16:31:11-07:00,0,22
visualization\index.html,19,html,46b539c0,JACK-coder0315,2025-04-27,16:31:11,-07:00,2025-04-27T16:31:11-07:00,0,59
visualization\index.html,20,html,46b539c0,JACK-coder0315,2025-04-27,16:31:11,-07:00,2025-04-27T16:31:11-07:00,0,23
visualization\index.html,21,html,46b539c0,JACK-coder0315,2025-04-27,16:31:11,-07:00,2025-04-27T16:31:11-07:00,0,5
visualization\index.html,22,html,2710049e,JACK-coder0315,2025-04-27,16:20:58,-07:00,2025-04-27T16:20:58-07:00,0,0
visualization\index.html,23,html,46b539c0,JACK-coder0315,2025-04-27,16:31:11,-07:00,2025-04-27T16:31:11-07:00,0,33
visualization\index.html,24,html,46b539c0,JACK-coder0315,2025-04-27,16:31:11,-07:00,2025-04-27T16:31:11-07:00,0,76
visualization\index.html,25,html,46b539c0,JACK-coder0315,2025-04-27,16:31:11,-07:00,2025-04-27T16:31:11-07:00,0,5
visualization\index.html,26,html,46b539c0,JACK-coder0315,2025-04-27,16:31:11,-07:00,2025-04-27T16:31:11-07:00,0,0
visualization\index.html,27,html,46b539c0,JACK-coder0315,2025-04-27,16:31:11,-07:00,2025-04-27T16:31:11-07:00,0,26
visualization\index.html,28,html,46b539c0,JACK-coder0315,2025-04-27,16:31:11,-07:00,2025-04-27T16:31:11-07:00,0,5
visualization\index.html,29,html,46b539c0,JACK-coder0315,2025-04-27,16:31:11,-07:00,2025-04-27T16:31:11-07:00,0,6
visualization\index.html,30,html,16d8da24,JACK-coder0315,2025-04-27,14:19:22,-07:00,2025-04-27T14:19:22-07:00,0,0
visualization\index.html,31,html,16d8da24,JACK-coder0315,2025-04-27,14:19:22,-07:00,2025-04-27T14:19:22-07:00,0,6
visualization\index.html,32,html,16d8da24,JACK-coder0315,2025-04-27,14:19:22,-07:00,2025-04-27T14:19:22-07:00,0,0
visualization\index.html,33,html,7d3fe3d2,JACK-coder0315,2025-04-27,15:47:00,-07:00,2025-04-27T15:47:00-07:00,0,6
visualization\index.html,34,html,2710049e,JACK-coder0315,2025-04-27,16:20:58,-07:00,2025-04-27T16:20:58-07:00,0,0
resume\index.html,1,html,8b600a32,JACK-coder0315,2025-04-04,19:56:22,-07:00,2025-04-04T19:56:22-07:00,0,14
resume\index.html,2,html,8b600a32,JACK-coder0315,2025-04-04,19:56:22,-07:00,2025-04-04T19:56:22-07:00,0,15
resume\index.html,3,html,2f7a7219,JACK-coder0315,2025-04-15,20:30:44,-07:00,2025-04-15T20:30:44-07:00,0,0
resume\index.html,4,html,8b600a32,JACK-coder0315,2025-04-04,19:56:22,-07:00,2025-04-04T19:56:22-07:00,0,5
resume\index.html,5,html,8b600a32,JACK-coder0315,2025-04-04,19:56:22,-07:00,2025-04-04T19:56:22-07:00,0,21
resume\index.html,6,html,8b600a32,JACK-coder0315,2025-04-04,19:56:22,-07:00,2025-04-04T19:56:22-07:00,0,69
resume\index.html,7,html,8b600a32,JACK-coder0315,2025-04-04,19:56:22,-07:00,2025-04-04T19:56:22-07:00,0,27
resume\index.html,8,html,8b600a32,JACK-coder0315,2025-04-04,19:56:22,-07:00,2025-04-04T19:56:22-07:00,0,6
resume\index.html,9,html,7e28afd6,JACK-coder0315,2025-04-15,20:25:56,-07:00,2025-04-15T20:25:56-07:00,0,5
resume\index.html,10,html,2f7a7219,JACK-coder0315,2025-04-15,20:30:44,-07:00,2025-04-15T20:30:44-07:00,0,24
resume\index.html,11,html,2f7a7219,JACK-coder0315,2025-04-15,20:30:44,-07:00,2025-04-15T20:30:44-07:00,0,0
resume\index.html,12,html,7e28afd6,JACK-coder0315,2025-04-15,20:25:56,-07:00,2025-04-15T20:25:56-07:00,0,0
resume\index.html,13,html,8b600a32,JACK-coder0315,2025-04-04,19:56:22,-07:00,2025-04-04T19:56:22-07:00,0,5
resume\index.html,14,html,8b600a32,JACK-coder0315,2025-04-04,19:56:22,-07:00,2025-04-04T19:56:22-07:00,0,30
resume\index.html,15,html,8b600a32,JACK-coder0315,2025-04-04,19:56:22,-07:00,2025-04-04T19:56:22-07:00,0,16
resume\index.html,16,html,9a69a1ef,JACK-coder0315,2025-04-04,20:42:58,-07:00,2025-04-04T20:42:58-07:00,0,9
resume\index.html,17,html,2f7a7219,JACK-coder0315,2025-04-15,20:30:44,-07:00,2025-04-15T20:30:44-07:00,0,13
resume\index.html,18,html,8b600a32,JACK-coder0315,2025-04-04,19:56:22,-07:00,2025-04-04T19:56:22-07:00,0,25
resume\index.html,19,html,8b600a32,JACK-coder0315,2025-04-04,19:56:22,-07:00,2025-04-04T19:56:22-07:00,0,0
resume\index.html,20,html,2f7a7219,JACK-coder0315,2025-04-15,20:30:44,-07:00,2025-04-15T20:30:44-07:00,0,0
resume\index.html,21,html,ab0fa388,JACK-coder0315,2025-04-04,21:13:31,-07:00,2025-04-04T21:13:31-07:00,0,5
resume\index.html,22,html,2f7a7219,JACK-coder0315,2025-04-15,20:30:44,-07:00,2025-04-15T20:30:44-07:00,0,25
resume\index.html,23,html,2f7a7219,JACK-coder0315,2025-04-15,20:30:44,-07:00,2025-04-15T20:30:44-07:00,0,16
resume\index.html,24,html,2f7a7219,JACK-coder0315,2025-04-15,20:30:44,-07:00,2025-04-15T20:30:44-07:00,0,18
resume\index.html,25,html,2f7a7219,JACK-coder0315,2025-04-15,20:30:44,-07:00,2025-04-15T20:30:44-07:00,0,18
resume\index.html,26,html,2f7a7219,JACK-coder0315,2025-04-15,20:30:44,-07:00,2025-04-15T20:30:44-07:00,0,40
resume\index.html,27,html,2f7a7219,JACK-coder0315,2025-04-15,20:30:44,-07:00,2025-04-15T20:30:44-07:00,0,44
resume\index.html,28,html,2f7a7219,JACK-coder0315,2025-04-15,20:30:44,-07:00,2025-04-15T20:30:44-07:00,0,0
resume\index.html,29,html,2f7a7219,JACK-coder0315,2025-04-15,20:30:44,-07:00,2025-04-15T20:30:44-07:00,0,0
resume\index.html,30,html,2f7a7219,JACK-coder0315,2025-04-15,20:30:44,-07:00,2025-04-15T20:30:44-07:00,0,7
resume\index.html,31,html,2f7a7219,JACK-coder0315,2025-04-15,20:30:44,-07:00,2025-04-15T20:30:44-07:00,0,21
resume\index.html,32,html,2f7a7219,JACK-coder0315,2025-04-15,20:30:44,-07:00,2025-04-15T20:30:44-07:00,0,12
resume\index.html,33,html,2f7a7219,JACK-coder0315,2025-04-15,20:30:44,-07:00,2025-04-15T20:30:44-07:00,0,18
resume\index.html,34,html,2f7a7219,JACK-coder0315,2025-04-15,20:30:44,-07:00,2025-04-15T20:30:44-07:00,0,18
resume\index.html,35,html,2f7a7219,JACK-coder0315,2025-04-15,20:30:44,-07:00,2025-04-15T20:30:44-07:00,0,21
resume\index.html,36,html,2f7a7219,JACK-coder0315,2025-04-15,20:30:44,-07:00,2025-04-15T20:30:44-07:00,0,15
resume\index.html,37,html,2f7a7219,JACK-coder0315,2025-04-15,20:30:44,-07:00,2025-04-15T20:30:44-07:00,0,14
resume\index.html,38,html,2f7a7219,JACK-coder0315,2025-04-15,20:30:44,-07:00,2025-04-15T20:30:44-07:00,0,0
resume\index.html,39,html,2f7a7219,JACK-coder0315,2025-04-15,20:30:44,-07:00,2025-04-15T20:30:44-07:00,0,0
resume\index.html,40,html,2f7a7219,JACK-coder0315,2025-04-15,20:30:44,-07:00,2025-04-15T20:30:44-07:00,0,13
resume\index.html,41,html,2f7a7219,JACK-coder0315,2025-04-15,20:30:44,-07:00,2025-04-15T20:30:44-07:00,0,22
resume\index.html,42,html,2f7a7219,JACK-coder0315,2025-04-15,20:30:44,-07:00,2025-04-15T20:30:44-07:00,0,12
resume\index.html,43,html,2f7a7219,JACK-coder0315,2025-04-15,20:30:44,-07:00,2025-04-15T20:30:44-07:00,0,0
resume\index.html,44,html,2f7a7219,JACK-coder0315,2025-04-15,20:30:44,-07:00,2025-04-15T20:30:44-07:00,0,0
resume\index.html,45,html,2f7a7219,JACK-coder0315,2025-04-15,20:30:44,-07:00,2025-04-15T20:30:44-07:00,0,2
resume\index.html,46,html,2f7a7219,JACK-coder0315,2025-04-15,20:30:44,-07:00,2025-04-15T20:30:44-07:00,0,3
resume\index.html,47,html,8b600a32,JACK-coder0315,2025-04-04,19:56:22,-07:00,2025-04-04T19:56:22-07:00,0,11
resume\index.html,48,html,8b600a32,JACK-coder0315,2025-04-04,19:56:22,-07:00,2025-04-04T19:56:22-07:00,0,0
resume\index.html,49,html,2f7a7219,JACK-coder0315,2025-04-15,20:30:44,-07:00,2025-04-15T20:30:44-07:00,0,0
resume\index.html,50,html,8b600a32,JACK-coder0315,2025-04-04,19:56:22,-07:00,2025-04-04T19:56:22-07:00,0,11
resume\index.html,51,html,8b600a32,JACK-coder0315,2025-04-04,19:56:22,-07:00,2025-04-04T19:56:22-07:00,0,10
resume\index.html,52,html,8b600a32,JACK-coder0315,2025-04-04,19:56:22,-07:00,2025-04-04T19:56:22-07:00,0,14
resume\index.html,53,html,8b600a32,JACK-coder0315,2025-04-04,19:56:22,-07:00,2025-04-04T19:56:22-07:00,0,22
resume\index.html,54,html,8b600a32,JACK-coder0315,2025-04-04,19:56:22,-07:00,2025-04-04T19:56:22-07:00,0,13
resume\index.html,55,html,8b600a32,JACK-coder0315,2025-04-04,19:56:22,-07:00,2025-04-04T19:56:22-07:00,0,18
resume\index.html,56,html,8b600a32,JACK-coder0315,2025-04-04,19:56:22,-07:00,2025-04-04T19:56:22-07:00,0,39
resume\index.html,57,html,8b600a32,JACK-coder0315,2025-04-04,19:56:22,-07:00,2025-04-04T19:56:22-07:00,0,0
resume\index.html,58,html,2f7a7219,JACK-coder0315,2025-04-15,20:30:44,-07:00,2025-04-15T20:30:44-07:00,0,0
resume\index.html,59,html,8b600a32,JACK-coder0315,2025-04-04,19:56:22,-07:00,2025-04-04T19:56:22-07:00,0,15
resume\index.html,60,html,8b600a32,JACK-coder0315,2025-04-04,19:56:22,-07:00,2025-04-04T19:56:22-07:00,0,25
resume\index.html,61,html,8b600a32,JACK-coder0315,2025-04-04,19:56:22,-07:00,2025-04-04T19:56:22-07:00,0,11
resume\index.html,62,html,8b600a32,JACK-coder0315,2025-04-04,19:56:22,-07:00,2025-04-04T19:56:22-07:00,0,13
resume\index.html,63,html,8b600a32,JACK-coder0315,2025-04-04,19:56:22,-07:00,2025-04-04T19:56:22-07:00,0,18
resume\index.html,64,html,8b600a32,JACK-coder0315,2025-04-04,19:56:22,-07:00,2025-04-04T19:56:22-07:00,0,0
resume\index.html,65,html,2f7a7219,JACK-coder0315,2025-04-15,20:30:44,-07:00,2025-04-15T20:30:44-07:00,0,0
resume\index.html,66,html,6581aa15,JACK-coder0315,2025-04-04,20:16:59,-07:00,2025-04-04T20:16:59-07:00,0,5
resume\index.html,67,html,002e2b33,JACK-coder0315,2025-04-04,20:39:33,-07:00,2025-04-04T20:39:33-07:00,0,25
resume\index.html,68,html,2f7a7219,JACK-coder0315,2025-04-15,20:30:44,-07:00,2025-04-15T20:30:44-07:00,0,16
resume\index.html,69,html,2f7a7219,JACK-coder0315,2025-04-15,20:30:44,-07:00,2025-04-15T20:30:44-07:00,0,12
resume\index.html,70,html,2f7a7219,JACK-coder0315,2025-04-15,20:30:44,-07:00,2025-04-15T20:30:44-07:00,0,18
resume\index.html,71,html,2f7a7219,JACK-coder0315,2025-04-15,20:30:44,-07:00,2025-04-15T20:30:44-07:00,0,15
resume\index.html,72,html,2f7a7219,JACK-coder0315,2025-04-15,20:30:44,-07:00,2025-04-15T20:30:44-07:00,0,6
resume\index.html,73,html,2f7a7219,JACK-coder0315,2025-04-15,20:30:44,-07:00,2025-04-15T20:30:44-07:00,0,7
resume\index.html,74,html,2f7a7219,JACK-coder0315,2025-04-15,20:30:44,-07:00,2025-04-15T20:30:44-07:00,0,8
resume\index.html,75,html,2f7a7219,JACK-coder0315,2025-04-15,20:30:44,-07:00,2025-04-15T20:30:44-07:00,0,13
resume\index.html,76,html,2f7a7219,JACK-coder0315,2025-04-15,20:30:44,-07:00,2025-04-15T20:30:44-07:00,0,0
resume\index.html,77,html,2f7a7219,JACK-coder0315,2025-04-15,20:30:44,-07:00,2025-04-15T20:30:44-07:00,0,0
resume\index.html,78,html,2f7a7219,JACK-coder0315,2025-04-15,20:30:44,-07:00,2025-04-15T20:30:44-07:00,0,7
resume\index.html,79,html,2f7a7219,JACK-coder0315,2025-04-15,20:30:44,-07:00,2025-04-15T20:30:44-07:00,0,21
resume\index.html,80,html,2f7a7219,JACK-coder0315,2025-04-15,20:30:44,-07:00,2025-04-15T20:30:44-07:00,0,12
resume\index.html,81,html,2f7a7219,JACK-coder0315,2025-04-15,20:30:44,-07:00,2025-04-15T20:30:44-07:00,0,18
resume\index.html,82,html,2f7a7219,JACK-coder0315,2025-04-15,20:30:44,-07:00,2025-04-15T20:30:44-07:00,0,18
resume\index.html,83,html,2f7a7219,JACK-coder0315,2025-04-15,20:30:44,-07:00,2025-04-15T20:30:44-07:00,0,21
resume\index.html,84,html,2f7a7219,JACK-coder0315,2025-04-15,20:30:44,-07:00,2025-04-15T20:30:44-07:00,0,15
resume\index.html,85,html,2f7a7219,JACK-coder0315,2025-04-15,20:30:44,-07:00,2025-04-15T20:30:44-07:00,0,14
resume\index.html,86,html,2f7a7219,JACK-coder0315,2025-04-15,20:30:44,-07:00,2025-04-15T20:30:44-07:00,0,0
resume\index.html,87,html,2f7a7219,JACK-coder0315,2025-04-15,20:30:44,-07:00,2025-04-15T20:30:44-07:00,0,0
resume\index.html,88,html,2f7a7219,JACK-coder0315,2025-04-15,20:30:44,-07:00,2025-04-15T20:30:44-07:00,0,13
resume\index.html,89,html,2f7a7219,JACK-coder0315,2025-04-15,20:30:44,-07:00,2025-04-15T20:30:44-07:00,0,22
resume\index.html,90,html,2f7a7219,JACK-coder0315,2025-04-15,20:30:44,-07:00,2025-04-15T20:30:44-07:00,0,12
resume\index.html,91,html,2f7a7219,JACK-coder0315,2025-04-15,20:30:44,-07:00,2025-04-15T20:30:44-07:00,0,0
resume\index.html,92,html,2f7a7219,JACK-coder0315,2025-04-15,20:30:44,-07:00,2025-04-15T20:30:44-07:00,0,0
resume\index.html,93,html,8e9410eb,JACK-coder0315,2025-04-15,21:24:58,-07:00,2025-04-15T21:24:58-07:00,0,15
resume\index.html,94,html,8e9410eb,JACK-coder0315,2025-04-15,21:24:58,-07:00,2025-04-15T21:24:58-07:00,0,30
resume\index.html,95,html,8e9410eb,JACK-coder0315,2025-04-15,21:24:58,-07:00,2025-04-15T21:24:58-07:00,0,0
resume\index.html,96,html,8e9410eb,JACK-coder0315,2025-04-15,21:24:58,-07:00,2025-04-15T21:24:58-07:00,0,0
resume\index.html,97,html,8b600a32,JACK-coder0315,2025-04-04,19:56:22,-07:00,2025-04-04T19:56:22-07:00,0,3
resume\index.html,98,html,8b600a32,JACK-coder0315,2025-04-04,19:56:22,-07:00,2025-04-04T19:56:22-07:00,0,21
resume\index.html,99,html,8b600a32,JACK-coder0315,2025-04-04,19:56:22,-07:00,2025-04-04T19:56:22-07:00,0,15
resume\index.html,100,html,8b600a32,JACK-coder0315,2025-04-04,19:56:22,-07:00,2025-04-04T19:56:22-07:00,0,0
resume\index.html,101,html,2f7a7219,JACK-coder0315,2025-04-15,20:30:44,-07:00,2025-04-15T20:30:44-07:00,0,0
resume\index.html,102,html,8b600a32,JACK-coder0315,2025-04-04,19:56:22,-07:00,2025-04-04T19:56:22-07:00,0,3
resume\index.html,103,html,8b600a32,JACK-coder0315,2025-04-04,19:56:22,-07:00,2025-04-04T19:56:22-07:00,0,14
resume\index.html,104,html,8b600a32,JACK-coder0315,2025-04-04,19:56:22,-07:00,2025-04-04T19:56:22-07:00,0,0
resume\index.html,105,html,2f7a7219,JACK-coder0315,2025-04-15,20:30:44,-07:00,2025-04-15T20:30:44-07:00,0,0
resume\index.html,106,html,8b600a32,JACK-coder0315,2025-04-04,19:56:22,-07:00,2025-04-04T19:56:22-07:00,0,14
resume\index.html,107,html,8b600a32,JACK-coder0315,2025-04-04,19:56:22,-07:00,2025-04-04T19:56:22-07:00,0,15
resume\index.html,108,html,8b600a32,JACK-coder0315,2025-04-04,19:56:22,-07:00,2025-04-04T19:56:22-07:00,0,11
resume\index.html,109,html,8b600a32,JACK-coder0315,2025-04-04,19:56:22,-07:00,2025-04-04T19:56:22-07:00,0,0
resume\index.html,110,html,2f7a7219,JACK-coder0315,2025-04-15,20:30:44,-07:00,2025-04-15T20:30:44-07:00,0,0
resume\index.html,111,html,2f7a7219,JACK-coder0315,2025-04-15,20:30:44,-07:00,2025-04-15T20:30:44-07:00,0,7
resume\index.html,112,html,2f7a7219,JACK-coder0315,2025-04-15,20:30:44,-07:00,2025-04-15T20:30:44-07:00,0,7
resume\index.html,113,html,2f7a7219,JACK-coder0315,2025-04-15,20:30:44,-07:00,2025-04-15T20:30:44-07:00,0,10
resume\index.html,114,html,2f7a7219,JACK-coder0315,2025-04-15,20:30:44,-07:00,2025-04-15T20:30:44-07:00,0,10
resume\index.html,115,html,8b600a32,JACK-coder0315,2025-04-04,19:56:22,-07:00,2025-04-04T19:56:22-07:00,0,18
resume\index.html,116,html,8b600a32,JACK-coder0315,2025-04-04,19:56:22,-07:00,2025-04-04T19:56:22-07:00,0,0
resume\index.html,117,html,2f7a7219,JACK-coder0315,2025-04-15,20:30:44,-07:00,2025-04-15T20:30:44-07:00,0,0
resume\index.html,118,html,8b600a32,JACK-coder0315,2025-04-04,19:56:22,-07:00,2025-04-04T19:56:22-07:00,0,8
resume\index.html,119,html,8b600a32,JACK-coder0315,2025-04-04,19:56:22,-07:00,2025-04-04T19:56:22-07:00,0,18
resume\index.html,120,html,8b600a32,JACK-coder0315,2025-04-04,19:56:22,-07:00,2025-04-04T19:56:22-07:00,0,15
resume\index.html,121,html,8b600a32,JACK-coder0315,2025-04-04,19:56:22,-07:00,2025-04-04T19:56:22-07:00,0,11
resume\index.html,122,html,8b600a32,JACK-coder0315,2025-04-04,19:56:22,-07:00,2025-04-04T19:56:22-07:00,0,16
resume\index.html,123,html,8b600a32,JACK-coder0315,2025-04-04,19:56:22,-07:00,2025-04-04T19:56:22-07:00,0,0
resume\index.html,124,html,2f7a7219,JACK-coder0315,2025-04-15,20:30:44,-07:00,2025-04-15T20:30:44-07:00,0,0
resume\index.html,125,html,2f7a7219,JACK-coder0315,2025-04-15,20:30:44,-07:00,2025-04-15T20:30:44-07:00,0,14
resume\index.html,126,html,b67d6438,JACK-coder0315,2025-04-15,21:30:36,-07:00,2025-04-15T21:30:36-07:00,0,12
resume\index.html,127,html,32470af5,JACK-coder0315,2025-04-15,21:39:40,-07:00,2025-04-15T21:39:40-07:00,0,18
resume\index.html,128,html,32470af5,JACK-coder0315,2025-04-15,21:39:40,-07:00,2025-04-15T21:39:40-07:00,0,16
resume\index.html,129,html,2f7a7219,JACK-coder0315,2025-04-15,20:30:44,-07:00,2025-04-15T20:30:44-07:00,0,17
resume\index.html,130,html,2f7a7219,JACK-coder0315,2025-04-15,20:30:44,-07:00,2025-04-15T20:30:44-07:00,0,20
resume\index.html,131,html,32470af5,JACK-coder0315,2025-04-15,21:39:40,-07:00,2025-04-15T21:39:40-07:00,0,12
resume\index.html,132,html,2f7a7219,JACK-coder0315,2025-04-15,20:30:44,-07:00,2025-04-15T20:30:44-07:00,0,0
resume\index.html,133,html,8b600a32,JACK-coder0315,2025-04-04,19:56:22,-07:00,2025-04-04T19:56:22-07:00,0,7
resume\index.html,134,html,993b12b6,JACK-coder0315,2025-04-15,20:54:10,-07:00,2025-04-15T20:54:10-07:00,0,57
resume\index.html,135,html,8b600a32,JACK-coder0315,2025-04-04,19:56:22,-07:00,2025-04-04T19:56:22-07:00,0,6
resume\index.html,136,html,2f7a7219,JACK-coder0315,2025-04-15,20:30:44,-07:00,2025-04-15T20:30:44-07:00,0,0
resume\index.html,137,html,8b600a32,JACK-coder0315,2025-04-04,19:56:22,-07:00,2025-04-04T19:56:22-07:00,0,5
resume\index.html,138,html,993b12b6,JACK-coder0315,2025-04-15,20:54:10,-07:00,2025-04-15T20:54:10-07:00,0,29
resume\index.html,139,html,8b600a32,JACK-coder0315,2025-04-04,19:56:22,-07:00,2025-04-04T19:56:22-07:00,0,22
resume\index.html,140,html,8b600a32,JACK-coder0315,2025-04-04,19:56:22,-07:00,2025-04-04T19:56:22-07:00,0,16
resume\index.html,141,html,8b600a32,JACK-coder0315,2025-04-04,19:56:22,-07:00,2025-04-04T19:56:22-07:00,0,23
resume\index.html,142,html,2f7a7219,JACK-coder0315,2025-04-15,20:30:44,-07:00,2025-04-15T20:30:44-07:00,0,101
resume\index.html,143,html,2f7a7219,JACK-coder0315,2025-04-15,20:30:44,-07:00,2025-04-15T20:30:44-07:00,0,104
resume\index.html,144,html,8b600a32,JACK-coder0315,2025-04-04,19:56:22,-07:00,2025-04-04T19:56:22-07:00,0,3
resume\index.html,145,html,8b600a32,JACK-coder0315,2025-04-04,19:56:22,-07:00,2025-04-04T19:56:22-07:00,0,0
resume\index.html,146,html,8b600a32,JACK-coder0315,2025-04-04,19:56:22,-07:00,2025-04-04T19:56:22-07:00,0,26
resume\index.html,147,html,8b600a32,JACK-coder0315,2025-04-04,19:56:22,-07:00,2025-04-04T19:56:22-07:00,0,26
resume\index.html,148,html,8b600a32,JACK-coder0315,2025-04-04,19:56:22,-07:00,2025-04-04T19:56:22-07:00,0,5
resume\index.html,149,html,8b600a32,JACK-coder0315,2025-04-04,19:56:22,-07:00,2025-04-04T19:56:22-07:00,0,3
resume\index.html,150,html,8b600a32,JACK-coder0315,2025-04-04,19:56:22,-07:00,2025-04-04T19:56:22-07:00,0,24
resume\index.html,151,html,8b600a32,JACK-coder0315,2025-04-04,19:56:22,-07:00,2025-04-04T19:56:22-07:00,0,32
resume\index.html,152,html,8b600a32,JACK-coder0315,2025-04-04,19:56:22,-07:00,2025-04-04T19:56:22-07:00,0,29
resume\index.html,153,html,8b600a32,JACK-coder0315,2025-04-04,19:56:22,-07:00,2025-04-04T19:56:22-07:00,0,26
resume\index.html,154,html,8b600a32,JACK-coder0315,2025-04-04,19:56:22,-07:00,2025-04-04T19:56:22-07:00,0,4
resume\index.html,155,html,8b600a32,JACK-coder0315,2025-04-04,19:56:22,-07:00,2025-04-04T19:56:22-07:00,0,0
resume\index.html,156,html,8b600a32,JACK-coder0315,2025-04-04,19:56:22,-07:00,2025-04-04T19:56:22-07:00,0,26
resume\index.html,157,html,8b600a32,JACK-coder0315,2025-04-04,19:56:22,-07:00,2025-04-04T19:56:22-07:00,0,17
resume\index.html,158,html,8b600a32,JACK-coder0315,2025-04-04,19:56:22,-07:00,2025-04-04T19:56:22-07:00,0,5
resume\index.html,159,html,8b600a32,JACK-coder0315,2025-04-04,19:56:22,-07:00,2025-04-04T19:56:22-07:00,0,89
resume\index.html,160,html,8b600a32,JACK-coder0315,2025-04-04,19:56:22,-07:00,2025-04-04T19:56:22-07:00,0,31
resume\index.html,161,html,8b600a32,JACK-coder0315,2025-04-04,19:56:22,-07:00,2025-04-04T19:56:22-07:00,0,26
resume\index.html,162,html,8b600a32,JACK-coder0315,2025-04-04,19:56:22,-07:00,2025-04-04T19:56:22-07:00,0,3
resume\index.html,163,html,8b600a32,JACK-coder0315,2025-04-04,19:56:22,-07:00,2025-04-04T19:56:22-07:00,0,18
resume\index.html,164,html,8b600a32,JACK-coder0315,2025-04-04,19:56:22,-07:00,2025-04-04T19:56:22-07:00,0,20
resume\index.html,165,html,8b600a32,JACK-coder0315,2025-04-04,19:56:22,-07:00,2025-04-04T19:56:22-07:00,0,26
resume\index.html,166,html,8b600a32,JACK-coder0315,2025-04-04,19:56:22,-07:00,2025-04-04T19:56:22-07:00,0,16
resume\index.html,167,html,8b600a32,JACK-coder0315,2025-04-04,19:56:22,-07:00,2025-04-04T19:56:22-07:00,0,33
resume\index.html,168,html,8b600a32,JACK-coder0315,2025-04-04,19:56:22,-07:00,2025-04-04T19:56:22-07:00,0,40
resume\index.html,169,html,8b600a32,JACK-coder0315,2025-04-04,19:56:22,-07:00,2025-04-04T19:56:22-07:00,0,51
resume\index.html,170,html,8b600a32,JACK-coder0315,2025-04-04,19:56:22,-07:00,2025-04-04T19:56:22-07:00,0,16
resume\index.html,171,html,8b600a32,JACK-coder0315,2025-04-04,19:56:22,-07:00,2025-04-04T19:56:22-07:00,0,4
resume\index.html,172,html,8b600a32,JACK-coder0315,2025-04-04,19:56:22,-07:00,2025-04-04T19:56:22-07:00,0,0
resume\index.html,173,html,8b600a32,JACK-coder0315,2025-04-04,19:56:22,-07:00,2025-04-04T19:56:22-07:00,0,26
resume\index.html,174,html,8b600a32,JACK-coder0315,2025-04-04,19:56:22,-07:00,2025-04-04T19:56:22-07:00,0,27
resume\index.html,175,html,8b600a32,JACK-coder0315,2025-04-04,19:56:22,-07:00,2025-04-04T19:56:22-07:00,0,5
resume\index.html,176,html,8b600a32,JACK-coder0315,2025-04-04,19:56:22,-07:00,2025-04-04T19:56:22-07:00,0,21
resume\index.html,177,html,8b600a32,JACK-coder0315,2025-04-04,19:56:22,-07:00,2025-04-04T19:56:22-07:00,0,71
resume\index.html,178,html,8b600a32,JACK-coder0315,2025-04-04,19:56:22,-07:00,2025-04-04T19:56:22-07:00,0,3
resume\index.html,179,html,8b600a32,JACK-coder0315,2025-04-04,19:56:22,-07:00,2025-04-04T19:56:22-07:00,0,84
resume\index.html,180,html,8b600a32,JACK-coder0315,2025-04-04,19:56:22,-07:00,2025-04-04T19:56:22-07:00,0,69
resume\index.html,181,html,8b600a32,JACK-coder0315,2025-04-04,19:56:22,-07:00,2025-04-04T19:56:22-07:00,0,4
resume\index.html,182,html,8b600a32,JACK-coder0315,2025-04-04,19:56:22,-07:00,2025-04-04T19:56:22-07:00,0,76
resume\index.html,183,html,8b600a32,JACK-coder0315,2025-04-04,19:56:22,-07:00,2025-04-04T19:56:22-07:00,0,3
resume\index.html,184,html,8b600a32,JACK-coder0315,2025-04-04,19:56:22,-07:00,2025-04-04T19:56:22-07:00,0,89
resume\index.html,185,html,8b600a32,JACK-coder0315,2025-04-04,19:56:22,-07:00,2025-04-04T19:56:22-07:00,0,4
resume\index.html,186,html,8b600a32,JACK-coder0315,2025-04-04,19:56:22,-07:00,2025-04-04T19:56:22-07:00,0,5
resume\index.html,187,html,8b600a32,JACK-coder0315,2025-04-04,19:56:22,-07:00,2025-04-04T19:56:22-07:00,0,0
resume\index.html,188,html,8b600a32,JACK-coder0315,2025-04-04,19:56:22,-07:00,2025-04-04T19:56:22-07:00,0,26
resume\index.html,189,html,8b600a32,JACK-coder0315,2025-04-04,19:56:22,-07:00,2025-04-04T19:56:22-07:00,0,14
resume\index.html,190,html,8b600a32,JACK-coder0315,2025-04-04,19:56:22,-07:00,2025-04-04T19:56:22-07:00,0,5
resume\index.html,191,html,8b600a32,JACK-coder0315,2025-04-04,19:56:22,-07:00,2025-04-04T19:56:22-07:00,0,18
resume\index.html,192,html,8b600a32,JACK-coder0315,2025-04-04,19:56:22,-07:00,2025-04-04T19:56:22-07:00,0,72
resume\index.html,193,html,8b600a32,JACK-coder0315,2025-04-04,19:56:22,-07:00,2025-04-04T19:56:22-07:00,0,56
resume\index.html,194,html,8b600a32,JACK-coder0315,2025-04-04,19:56:22,-07:00,2025-04-04T19:56:22-07:00,0,99
resume\index.html,195,html,8b600a32,JACK-coder0315,2025-04-04,19:56:22,-07:00,2025-04-04T19:56:22-07:00,0,4
resume\index.html,196,html,8b600a32,JACK-coder0315,2025-04-04,19:56:22,-07:00,2025-04-04T19:56:22-07:00,0,0
resume\index.html,197,html,8b600a32,JACK-coder0315,2025-04-04,19:56:22,-07:00,2025-04-04T19:56:22-07:00,0,26
resume\index.html,198,html,8b600a32,JACK-coder0315,2025-04-04,19:56:22,-07:00,2025-04-04T19:56:22-07:00,0,23
resume\index.html,199,html,8b600a32,JACK-coder0315,2025-04-04,19:56:22,-07:00,2025-04-04T19:56:22-07:00,0,5
resume\index.html,200,html,8b600a32,JACK-coder0315,2025-04-04,19:56:22,-07:00,2025-04-04T19:56:22-07:00,0,18
resume\index.html,201,html,8b600a32,JACK-coder0315,2025-04-04,19:56:22,-07:00,2025-04-04T19:56:22-07:00,0,87
resume\index.html,202,html,8b600a32,JACK-coder0315,2025-04-04,19:56:22,-07:00,2025-04-04T19:56:22-07:00,0,93
resume\index.html,203,html,8b600a32,JACK-coder0315,2025-04-04,19:56:22,-07:00,2025-04-04T19:56:22-07:00,0,4
resume\index.html,204,html,8b600a32,JACK-coder0315,2025-04-04,19:56:22,-07:00,2025-04-04T19:56:22-07:00,0,0
resume\index.html,205,html,8b600a32,JACK-coder0315,2025-04-04,19:56:22,-07:00,2025-04-04T19:56:22-07:00,0,26
resume\index.html,206,html,8b600a32,JACK-coder0315,2025-04-04,19:56:22,-07:00,2025-04-04T19:56:22-07:00,0,17
resume\index.html,207,html,8b600a32,JACK-coder0315,2025-04-04,19:56:22,-07:00,2025-04-04T19:56:22-07:00,0,5
resume\index.html,208,html,8b600a32,JACK-coder0315,2025-04-04,19:56:22,-07:00,2025-04-04T19:56:22-07:00,0,21
resume\index.html,209,html,8b600a32,JACK-coder0315,2025-04-04,19:56:22,-07:00,2025-04-04T19:56:22-07:00,0,34
resume\index.html,210,html,8b600a32,JACK-coder0315,2025-04-04,19:56:22,-07:00,2025-04-04T19:56:22-07:00,0,33
resume\index.html,211,html,8b600a32,JACK-coder0315,2025-04-04,19:56:22,-07:00,2025-04-04T19:56:22-07:00,0,4
resume\index.html,212,html,8b600a32,JACK-coder0315,2025-04-04,19:56:22,-07:00,2025-04-04T19:56:22-07:00,0,0
resume\index.html,213,html,8b600a32,JACK-coder0315,2025-04-04,19:56:22,-07:00,2025-04-04T19:56:22-07:00,0,26
resume\index.html,214,html,8b600a32,JACK-coder0315,2025-04-04,19:56:22,-07:00,2025-04-04T19:56:22-07:00,0,26
resume\index.html,215,html,8b600a32,JACK-coder0315,2025-04-04,19:56:22,-07:00,2025-04-04T19:56:22-07:00,0,5
resume\index.html,216,html,2f7a7219,JACK-coder0315,2025-04-15,20:30:44,-07:00,2025-04-15T20:30:44-07:00,0,105
resume\index.html,217,html,2f7a7219,JACK-coder0315,2025-04-15,20:30:44,-07:00,2025-04-15T20:30:44-07:00,0,105
resume\index.html,218,html,2f7a7219,JACK-coder0315,2025-04-15,20:30:44,-07:00,2025-04-15T20:30:44-07:00,0,105
resume\index.html,219,html,2f7a7219,JACK-coder0315,2025-04-15,20:30:44,-07:00,2025-04-15T20:30:44-07:00,0,41
resume\index.html,220,html,8b600a32,JACK-coder0315,2025-04-04,19:56:22,-07:00,2025-04-04T19:56:22-07:00,0,0
resume\index.html,221,html,8b600a32,JACK-coder0315,2025-04-04,19:56:22,-07:00,2025-04-04T19:56:22-07:00,0,19
resume\index.html,222,html,8b600a32,JACK-coder0315,2025-04-04,19:56:22,-07:00,2025-04-04T19:56:22-07:00,0,30
resume\index.html,223,html,8b600a32,JACK-coder0315,2025-04-04,19:56:22,-07:00,2025-04-04T19:56:22-07:00,0,5
resume\index.html,224,html,8b600a32,JACK-coder0315,2025-04-04,19:56:22,-07:00,2025-04-04T19:56:22-07:00,0,5
resume\index.html,225,html,8b600a32,JACK-coder0315,2025-04-04,19:56:22,-07:00,2025-04-04T19:56:22-07:00,0,6
resume\index.html,226,html,2f7a7219,JACK-coder0315,2025-04-15,20:30:44,-07:00,2025-04-15T20:30:44-07:00,0,0
resume\index.html,227,html,2f7a7219,JACK-coder0315,2025-04-15,20:30:44,-07:00,2025-04-15T20:30:44-07:00,0,6
projects\index.html,1,html,ab0fa388,JACK-coder0315,2025-04-04,21:13:31,-07:00,2025-04-04T21:13:31-07:00,0,14
projects\index.html,2,html,ab0fa388,JACK-coder0315,2025-04-04,21:13:31,-07:00,2025-04-04T21:13:31-07:00,0,15
projects\index.html,3,html,2f7a7219,JACK-coder0315,2025-04-15,20:30:44,-07:00,2025-04-15T20:30:44-07:00,0,0
projects\index.html,4,html,ab0fa388,JACK-coder0315,2025-04-04,21:13:31,-07:00,2025-04-04T21:13:31-07:00,0,5
projects\index.html,5,html,ab0fa388,JACK-coder0315,2025-04-04,21:13:31,-07:00,2025-04-04T21:13:31-07:00,0,21
projects\index.html,6,html,ab0fa388,JACK-coder0315,2025-04-04,21:13:31,-07:00,2025-04-04T21:13:31-07:00,0,69
projects\index.html,7,html,ab0fa388,JACK-coder0315,2025-04-04,21:13:31,-07:00,2025-04-04T21:13:31-07:00,0,57
projects\index.html,8,html,ab0fa388,JACK-coder0315,2025-04-04,21:13:31,-07:00,2025-04-04T21:13:31-07:00,0,6
projects\index.html,9,html,7e28afd6,JACK-coder0315,2025-04-15,20:25:56,-07:00,2025-04-15T20:25:56-07:00,0,5
projects\index.html,10,html,2f7a7219,JACK-coder0315,2025-04-15,20:30:44,-07:00,2025-04-15T20:30:44-07:00,0,24
projects\index.html,11,html,2f7a7219,JACK-coder0315,2025-04-15,20:30:44,-07:00,2025-04-15T20:30:44-07:00,0,0
projects\index.html,12,html,7e28afd6,JACK-coder0315,2025-04-15,20:25:56,-07:00,2025-04-15T20:25:56-07:00,0,0
projects\index.html,13,html,2f7a7219,JACK-coder0315,2025-04-15,20:30:44,-07:00,2025-04-15T20:30:44-07:00,0,5
projects\index.html,14,html,ab0fa388,JACK-coder0315,2025-04-04,21:13:31,-07:00,2025-04-04T21:13:31-07:00,0,30
projects\index.html,15,html,78b75e21,JACK-coder0315,2025-04-04,21:36:18,-07:00,2025-04-04T21:36:18-07:00,0,9
projects\index.html,16,html,2f7a7219,JACK-coder0315,2025-04-15,20:30:44,-07:00,2025-04-15T20:30:44-07:00,0,17
projects\index.html,17,html,ab0fa388,JACK-coder0315,2025-04-04,21:13:31,-07:00,2025-04-04T21:13:31-07:00,0,0
projects\index.html,18,html,2f7a7219,JACK-coder0315,2025-04-15,20:30:44,-07:00,2025-04-15T20:30:44-07:00,0,0
projects\index.html,19,html,2f7a7219,JACK-coder0315,2025-04-15,20:30:44,-07:00,2025-04-15T20:30:44-07:00,0,2
projects\index.html,20,html,2f7a7219,JACK-coder0315,2025-04-15,20:30:44,-07:00,2025-04-15T20:30:44-07:00,0,3
projects\index.html,21,html,ab0fa388,JACK-coder0315,2025-04-04,21:13:31,-07:00,2025-04-04T21:13:31-07:00,0,11
projects\index.html,22,html,ab0fa388,JACK-coder0315,2025-04-04,21:13:31,-07:00,2025-04-04T21:13:31-07:00,0,0
projects\index.html,23,html,2f7a7219,JACK-coder0315,2025-04-15,20:30:44,-07:00,2025-04-15T20:30:44-07:00,0,0
projects\index.html,24,html,ab0fa388,JACK-coder0315,2025-04-04,21:13:31,-07:00,2025-04-04T21:13:31-07:00,0,9
projects\index.html,25,html,ab0fa388,JACK-coder0315,2025-04-04,21:13:31,-07:00,2025-04-04T21:13:31-07:00,0,19
projects\index.html,26,html,ab0fa388,JACK-coder0315,2025-04-04,21:13:31,-07:00,2025-04-04T21:13:31-07:00,0,0
projects\index.html,27,html,2f7a7219,JACK-coder0315,2025-04-15,20:30:44,-07:00,2025-04-15T20:30:44-07:00,0,0
projects\index.html,28,html,ab0fa388,JACK-coder0315,2025-04-04,21:13:31,-07:00,2025-04-04T21:13:31-07:00,0,11
projects\index.html,29,html,ab0fa388,JACK-coder0315,2025-04-04,21:13:31,-07:00,2025-04-04T21:13:31-07:00,0,17
projects\index.html,30,html,ab0fa388,JACK-coder0315,2025-04-04,21:13:31,-07:00,2025-04-04T21:13:31-07:00,0,0
projects\index.html,31,html,2f7a7219,JACK-coder0315,2025-04-15,20:30:44,-07:00,2025-04-15T20:30:44-07:00,0,0
projects\index.html,32,html,52e159d2,JACK-coder0315,2025-04-04,21:29:52,-07:00,2025-04-04T21:29:52-07:00,0,5
projects\index.html,33,html,52e159d2,JACK-coder0315,2025-04-04,21:29:52,-07:00,2025-04-04T21:29:52-07:00,0,25
projects\index.html,34,html,52e159d2,JACK-coder0315,2025-04-04,21:29:52,-07:00,2025-04-04T21:29:52-07:00,0,16
projects\index.html,35,html,52e159d2,JACK-coder0315,2025-04-04,21:29:52,-07:00,2025-04-04T21:29:52-07:00,0,18
projects\index.html,36,html,52e159d2,JACK-coder0315,2025-04-04,21:29:52,-07:00,2025-04-04T21:29:52-07:00,0,18
projects\index.html,37,html,86fcfb47,JACK-coder0315,2025-04-04,21:55:12,-07:00,2025-04-04T21:55:12-07:00,0,15
projects\index.html,38,html,52e159d2,JACK-coder0315,2025-04-04,21:29:52,-07:00,2025-04-04T21:29:52-07:00,0,6
projects\index.html,39,html,2f7a7219,JACK-coder0315,2025-04-15,20:30:44,-07:00,2025-04-15T20:30:44-07:00,0,11
projects\index.html,40,html,2f7a7219,JACK-coder0315,2025-04-15,20:30:44,-07:00,2025-04-15T20:30:44-07:00,0,13
projects\index.html,41,html,2f7a7219,JACK-coder0315,2025-04-15,20:30:44,-07:00,2025-04-15T20:30:44-07:00,0,40
projects\index.html,42,html,2f7a7219,JACK-coder0315,2025-04-15,20:30:44,-07:00,2025-04-15T20:30:44-07:00,0,44
projects\index.html,43,html,52e159d2,JACK-coder0315,2025-04-04,21:29:52,-07:00,2025-04-04T21:29:52-07:00,0,0
projects\index.html,44,html,2f7a7219,JACK-coder0315,2025-04-15,20:30:44,-07:00,2025-04-15T20:30:44-07:00,0,0
projects\index.html,45,html,52e159d2,JACK-coder0315,2025-04-04,21:29:52,-07:00,2025-04-04T21:29:52-07:00,0,7
projects\index.html,46,html,52e159d2,JACK-coder0315,2025-04-04,21:29:52,-07:00,2025-04-04T21:29:52-07:00,0,21
projects\index.html,47,html,52e159d2,JACK-coder0315,2025-04-04,21:29:52,-07:00,2025-04-04T21:29:52-07:00,0,12
projects\index.html,48,html,52e159d2,JACK-coder0315,2025-04-04,21:29:52,-07:00,2025-04-04T21:29:52-07:00,0,18
projects\index.html,49,html,52e159d2,JACK-coder0315,2025-04-04,21:29:52,-07:00,2025-04-04T21:29:52-07:00,0,18
projects\index.html,50,html,52e159d2,JACK-coder0315,2025-04-04,21:29:52,-07:00,2025-04-04T21:29:52-07:00,0,21
projects\index.html,51,html,52e159d2,JACK-coder0315,2025-04-04,21:29:52,-07:00,2025-04-04T21:29:52-07:00,0,15
projects\index.html,52,html,52e159d2,JACK-coder0315,2025-04-04,21:29:52,-07:00,2025-04-04T21:29:52-07:00,0,14
projects\index.html,53,html,52e159d2,JACK-coder0315,2025-04-04,21:29:52,-07:00,2025-04-04T21:29:52-07:00,0,0
projects\index.html,54,html,2f7a7219,JACK-coder0315,2025-04-15,20:30:44,-07:00,2025-04-15T20:30:44-07:00,0,0
projects\index.html,55,html,8e9410eb,JACK-coder0315,2025-04-15,21:24:58,-07:00,2025-04-15T21:24:58-07:00,0,15
projects\index.html,56,html,8e9410eb,JACK-coder0315,2025-04-15,21:24:58,-07:00,2025-04-15T21:24:58-07:00,0,30
projects\index.html,57,html,8e9410eb,JACK-coder0315,2025-04-15,21:24:58,-07:00,2025-04-15T21:24:58-07:00,0,0
projects\index.html,58,html,8e9410eb,JACK-coder0315,2025-04-15,21:24:58,-07:00,2025-04-15T21:24:58-07:00,0,0
projects\index.html,59,html,52e159d2,JACK-coder0315,2025-04-04,21:29:52,-07:00,2025-04-04T21:29:52-07:00,0,13
projects\index.html,60,html,52e159d2,JACK-coder0315,2025-04-04,21:29:52,-07:00,2025-04-04T21:29:52-07:00,0,22
projects\index.html,61,html,52e159d2,JACK-coder0315,2025-04-04,21:29:52,-07:00,2025-04-04T21:29:52-07:00,0,12
projects\index.html,62,html,52e159d2,JACK-coder0315,2025-04-04,21:29:52,-07:00,2025-04-04T21:29:52-07:00,0,0
projects\index.html,63,html,2f7a7219,JACK-coder0315,2025-04-15,20:30:44,-07:00,2025-04-15T20:30:44-07:00,0,0
projects\index.html,64,html,2f7a7219,JACK-coder0315,2025-04-15,20:30:44,-07:00,2025-04-15T20:30:44-07:00,0,14
projects\index.html,65,html,b67d6438,JACK-coder0315,2025-04-15,21:30:36,-07:00,2025-04-15T21:30:36-07:00,0,12
projects\index.html,66,html,32470af5,JACK-coder0315,2025-04-15,21:39:40,-07:00,2025-04-15T21:39:40-07:00,0,18
projects\index.html,67,html,32470af5,JACK-coder0315,2025-04-15,21:39:40,-07:00,2025-04-15T21:39:40-07:00,0,16
projects\index.html,68,html,2f7a7219,JACK-coder0315,2025-04-15,20:30:44,-07:00,2025-04-15T20:30:44-07:00,0,17
projects\index.html,69,html,2f7a7219,JACK-coder0315,2025-04-15,20:30:44,-07:00,2025-04-15T20:30:44-07:00,0,20
projects\index.html,70,html,32470af5,JACK-coder0315,2025-04-15,21:39:40,-07:00,2025-04-15T21:39:40-07:00,0,12
projects\index.html,71,html,2f7a7219,JACK-coder0315,2025-04-15,20:30:44,-07:00,2025-04-15T20:30:44-07:00,0,0
projects\index.html,72,html,ab0fa388,JACK-coder0315,2025-04-04,21:13:31,-07:00,2025-04-04T21:13:31-07:00,0,7
projects\index.html,73,html,993b12b6,JACK-coder0315,2025-04-15,20:54:10,-07:00,2025-04-15T20:54:10-07:00,0,57
projects\index.html,74,html,ab0fa388,JACK-coder0315,2025-04-04,21:13:31,-07:00,2025-04-04T21:13:31-07:00,0,6
projects\index.html,75,html,2f7a7219,JACK-coder0315,2025-04-15,20:30:44,-07:00,2025-04-15T20:30:44-07:00,0,0
projects\index.html,76,html,ab0fa388,JACK-coder0315,2025-04-04,21:13:31,-07:00,2025-04-04T21:13:31-07:00,0,5
projects\index.html,77,html,993b12b6,JACK-coder0315,2025-04-15,20:54:10,-07:00,2025-04-15T20:54:10-07:00,0,29
projects\index.html,78,html,ab0fa388,JACK-coder0315,2025-04-04,21:13:31,-07:00,2025-04-04T21:13:31-07:00,0,51
projects\index.html,79,html,ab0fa388,JACK-coder0315,2025-04-04,21:13:31,-07:00,2025-04-04T21:13:31-07:00,0,0
projects\index.html,80,html,ab0fa388,JACK-coder0315,2025-04-04,21:13:31,-07:00,2025-04-04T21:13:31-07:00,0,20
projects\index.html,81,html,ab0fa388,JACK-coder0315,2025-04-04,21:13:31,-07:00,2025-04-04T21:13:31-07:00,0,92
projects\index.html,82,html,ab0fa388,JACK-coder0315,2025-04-04,21:13:31,-07:00,2025-04-04T21:13:31-07:00,0,19
projects\index.html,83,html,ab0fa388,JACK-coder0315,2025-04-04,21:13:31,-07:00,2025-04-04T21:13:31-07:00,0,3
projects\index.html,84,html,2f7a7219,JACK-coder0315,2025-04-15,20:30:44,-07:00,2025-04-15T20:30:44-07:00,0,96
projects\index.html,85,html,2f7a7219,JACK-coder0315,2025-04-15,20:30:44,-07:00,2025-04-15T20:30:44-07:00,0,96
projects\index.html,86,html,2f7a7219,JACK-coder0315,2025-04-15,20:30:44,-07:00,2025-04-15T20:30:44-07:00,0,40
projects\index.html,87,html,2f7a7219,JACK-coder0315,2025-04-15,20:30:44,-07:00,2025-04-15T20:30:44-07:00,0,100
projects\index.html,88,html,2f7a7219,JACK-coder0315,2025-04-15,20:30:44,-07:00,2025-04-15T20:30:44-07:00,0,87
projects\index.html,89,html,2f7a7219,JACK-coder0315,2025-04-15,20:30:44,-07:00,2025-04-15T20:30:44-07:00,0,102
projects\index.html,90,html,2f7a7219,JACK-coder0315,2025-04-15,20:30:44,-07:00,2025-04-15T20:30:44-07:00,0,49
projects\index.html,91,html,ab0fa388,JACK-coder0315,2025-04-04,21:13:31,-07:00,2025-04-04T21:13:31-07:00,0,4
projects\index.html,92,html,ab0fa388,JACK-coder0315,2025-04-04,21:13:31,-07:00,2025-04-04T21:13:31-07:00,0,0
projects\index.html,93,html,ab0fa388,JACK-coder0315,2025-04-04,21:13:31,-07:00,2025-04-04T21:13:31-07:00,0,25
projects\index.html,94,html,ab0fa388,JACK-coder0315,2025-04-04,21:13:31,-07:00,2025-04-04T21:13:31-07:00,0,3
projects\index.html,95,html,2f7a7219,JACK-coder0315,2025-04-15,20:30:44,-07:00,2025-04-15T20:30:44-07:00,0,107
projects\index.html,96,html,2f7a7219,JACK-coder0315,2025-04-15,20:30:44,-07:00,2025-04-15T20:30:44-07:00,0,4
projects\index.html,97,html,ab0fa388,JACK-coder0315,2025-04-04,21:13:31,-07:00,2025-04-04T21:13:31-07:00,0,58
projects\index.html,98,html,ab0fa388,JACK-coder0315,2025-04-04,21:13:31,-07:00,2025-04-04T21:13:31-07:00,0,3
projects\index.html,99,html,2f7a7219,JACK-coder0315,2025-04-15,20:30:44,-07:00,2025-04-15T20:30:44-07:00,0,94
projects\index.html,100,html,2f7a7219,JACK-coder0315,2025-04-15,20:30:44,-07:00,2025-04-15T20:30:44-07:00,0,23
projects\index.html,101,html,2f7a7219,JACK-coder0315,2025-04-15,20:30:44,-07:00,2025-04-15T20:30:44-07:00,0,93
projects\index.html,102,html,2f7a7219,JACK-coder0315,2025-04-15,20:30:44,-07:00,2025-04-15T20:30:44-07:00,0,13
projects\index.html,103,html,ab0fa388,JACK-coder0315,2025-04-04,21:13:31,-07:00,2025-04-04T21:13:31-07:00,0,4
projects\index.html,104,html,ab0fa388,JACK-coder0315,2025-04-04,21:13:31,-07:00,2025-04-04T21:13:31-07:00,0,4
projects\index.html,105,html,73814b10,JACK-coder0315,2025-04-04,21:38:09,-07:00,2025-04-04T21:38:09-07:00,0,57
projects\index.html,106,html,73814b10,JACK-coder0315,2025-04-04,21:38:09,-07:00,2025-04-04T21:38:09-07:00,0,3
projects\index.html,107,html,73814b10,JACK-coder0315,2025-04-04,21:38:09,-07:00,2025-04-04T21:38:09-07:00,0,81
projects\index.html,108,html,2f7a7219,JACK-coder0315,2025-04-15,20:30:44,-07:00,2025-04-15T20:30:44-07:00,0,97
projects\index.html,109,html,2f7a7219,JACK-coder0315,2025-04-15,20:30:44,-07:00,2025-04-15T20:30:44-07:00,0,4
projects\index.html,110,html,2f7a7219,JACK-coder0315,2025-04-15,20:30:44,-07:00,2025-04-15T20:30:44-07:00,0,96
projects\index.html,111,html,2f7a7219,JACK-coder0315,2025-04-15,20:30:44,-07:00,2025-04-15T20:30:44-07:00,0,18
projects\index.html,112,html,2f7a7219,JACK-coder0315,2025-04-15,20:30:44,-07:00,2025-04-15T20:30:44-07:00,0,97
projects\index.html,113,html,2f7a7219,JACK-coder0315,2025-04-15,20:30:44,-07:00,2025-04-15T20:30:44-07:00,0,60
projects\index.html,114,html,73814b10,JACK-coder0315,2025-04-04,21:38:09,-07:00,2025-04-04T21:38:09-07:00,0,4
projects\index.html,115,html,73814b10,JACK-coder0315,2025-04-04,21:38:09,-07:00,2025-04-04T21:38:09-07:00,0,4
projects\index.html,116,html,73814b10,JACK-coder0315,2025-04-04,21:38:09,-07:00,2025-04-04T21:38:09-07:00,0,75
projects\index.html,117,html,73814b10,JACK-coder0315,2025-04-04,21:38:09,-07:00,2025-04-04T21:38:09-07:00,0,3
projects\index.html,118,html,73814b10,JACK-coder0315,2025-04-04,21:38:09,-07:00,2025-04-04T21:38:09-07:00,0,84
projects\index.html,119,html,73814b10,JACK-coder0315,2025-04-04,21:38:09,-07:00,2025-04-04T21:38:09-07:00,0,91
projects\index.html,120,html,73814b10,JACK-coder0315,2025-04-04,21:38:09,-07:00,2025-04-04T21:38:09-07:00,0,4
projects\index.html,121,html,73814b10,JACK-coder0315,2025-04-04,21:38:09,-07:00,2025-04-04T21:38:09-07:00,0,4
projects\index.html,122,html,ab0fa388,JACK-coder0315,2025-04-04,21:13:31,-07:00,2025-04-04T21:13:31-07:00,0,4
projects\index.html,123,html,ab0fa388,JACK-coder0315,2025-04-04,21:13:31,-07:00,2025-04-04T21:13:31-07:00,0,5
projects\index.html,124,html,ab0fa388,JACK-coder0315,2025-04-04,21:13:31,-07:00,2025-04-04T21:13:31-07:00,0,0
projects\index.html,125,html,73814b10,JACK-coder0315,2025-04-04,21:38:09,-07:00,2025-04-04T21:38:09-07:00,0,20
projects\index.html,126,html,73814b10,JACK-coder0315,2025-04-04,21:38:09,-07:00,2025-04-04T21:38:09-07:00,0,73
projects\index.html,127,html,73814b10,JACK-coder0315,2025-04-04,21:38:09,-07:00,2025-04-04T21:38:09-07:00,0,19
projects\index.html,128,html,73814b10,JACK-coder0315,2025-04-04,21:38:09,-07:00,2025-04-04T21:38:09-07:00,0,3
projects\index.html,129,html,2f7a7219,JACK-coder0315,2025-04-15,20:30:44,-07:00,2025-04-15T20:30:44-07:00,0,101
projects\index.html,130,html,2f7a7219,JACK-coder0315,2025-04-15,20:30:44,-07:00,2025-04-15T20:30:44-07:00,0,102
projects\index.html,131,html,2f7a7219,JACK-coder0315,2025-04-15,20:30:44,-07:00,2025-04-15T20:30:44-07:00,0,12
projects\index.html,132,html,2f7a7219,JACK-coder0315,2025-04-15,20:30:44,-07:00,2025-04-15T20:30:44-07:00,0,106
projects\index.html,133,html,2f7a7219,JACK-coder0315,2025-04-15,20:30:44,-07:00,2025-04-15T20:30:44-07:00,0,62
projects\index.html,134,html,73814b10,JACK-coder0315,2025-04-04,21:38:09,-07:00,2025-04-04T21:38:09-07:00,0,105
projects\index.html,135,html,73814b10,JACK-coder0315,2025-04-04,21:38:09,-07:00,2025-04-04T21:38:09-07:00,0,4
projects\index.html,136,html,73814b10,JACK-coder0315,2025-04-04,21:38:09,-07:00,2025-04-04T21:38:09-07:00,0,0
projects\index.html,137,html,73814b10,JACK-coder0315,2025-04-04,21:38:09,-07:00,2025-04-04T21:38:09-07:00,0,25
projects\index.html,138,html,73814b10,JACK-coder0315,2025-04-04,21:38:09,-07:00,2025-04-04T21:38:09-07:00,0,3
projects\index.html,139,html,73814b10,JACK-coder0315,2025-04-04,21:38:09,-07:00,2025-04-04T21:38:09-07:00,0,85
projects\index.html,140,html,73814b10,JACK-coder0315,2025-04-04,21:38:09,-07:00,2025-04-04T21:38:09-07:00,0,3
projects\index.html,141,html,73814b10,JACK-coder0315,2025-04-04,21:38:09,-07:00,2025-04-04T21:38:09-07:00,0,71
projects\index.html,142,html,73814b10,JACK-coder0315,2025-04-04,21:38:09,-07:00,2025-04-04T21:38:09-07:00,0,87
projects\index.html,143,html,73814b10,JACK-coder0315,2025-04-04,21:38:09,-07:00,2025-04-04T21:38:09-07:00,0,4
projects\index.html,144,html,73814b10,JACK-coder0315,2025-04-04,21:38:09,-07:00,2025-04-04T21:38:09-07:00,0,4
projects\index.html,145,html,73814b10,JACK-coder0315,2025-04-04,21:38:09,-07:00,2025-04-04T21:38:09-07:00,0,102
projects\index.html,146,html,73814b10,JACK-coder0315,2025-04-04,21:38:09,-07:00,2025-04-04T21:38:09-07:00,0,3
projects\index.html,147,html,73814b10,JACK-coder0315,2025-04-04,21:38:09,-07:00,2025-04-04T21:38:09-07:00,0,63
projects\index.html,148,html,73814b10,JACK-coder0315,2025-04-04,21:38:09,-07:00,2025-04-04T21:38:09-07:00,0,91
projects\index.html,149,html,73814b10,JACK-coder0315,2025-04-04,21:38:09,-07:00,2025-04-04T21:38:09-07:00,0,75
projects\index.html,150,html,73814b10,JACK-coder0315,2025-04-04,21:38:09,-07:00,2025-04-04T21:38:09-07:00,0,4
projects\index.html,151,html,73814b10,JACK-coder0315,2025-04-04,21:38:09,-07:00,2025-04-04T21:38:09-07:00,0,4
projects\index.html,152,html,2f7a7219,JACK-coder0315,2025-04-15,20:30:44,-07:00,2025-04-15T20:30:44-07:00,0,106
projects\index.html,153,html,2f7a7219,JACK-coder0315,2025-04-15,20:30:44,-07:00,2025-04-15T20:30:44-07:00,0,40
projects\index.html,154,html,73814b10,JACK-coder0315,2025-04-04,21:38:09,-07:00,2025-04-04T21:38:09-07:00,0,3
projects\index.html,155,html,73814b10,JACK-coder0315,2025-04-04,21:38:09,-07:00,2025-04-04T21:38:09-07:00,0,38
projects\index.html,156,html,2f7a7219,JACK-coder0315,2025-04-15,20:30:44,-07:00,2025-04-15T20:30:44-07:00,0,99
projects\index.html,157,html,2f7a7219,JACK-coder0315,2025-04-15,20:30:44,-07:00,2025-04-15T20:30:44-07:00,0,18
projects\index.html,158,html,73814b10,JACK-coder0315,2025-04-04,21:38:09,-07:00,2025-04-04T21:38:09-07:00,0,90
projects\index.html,159,html,73814b10,JACK-coder0315,2025-04-04,21:38:09,-07:00,2025-04-04T21:38:09-07:00,0,82
projects\index.html,160,html,73814b10,JACK-coder0315,2025-04-04,21:38:09,-07:00,2025-04-04T21:38:09-07:00,0,4
projects\index.html,161,html,73814b10,JACK-coder0315,2025-04-04,21:38:09,-07:00,2025-04-04T21:38:09-07:00,0,4
projects\index.html,162,html,2f7a7219,JACK-coder0315,2025-04-15,20:30:44,-07:00,2025-04-15T20:30:44-07:00,0,91
projects\index.html,163,html,2f7a7219,JACK-coder0315,2025-04-15,20:30:44,-07:00,2025-04-15T20:30:44-07:00,0,18
projects\index.html,164,html,73814b10,JACK-coder0315,2025-04-04,21:38:09,-07:00,2025-04-04T21:38:09-07:00,0,3
projects\index.html,165,html,73814b10,JACK-coder0315,2025-04-04,21:38:09,-07:00,2025-04-04T21:38:09-07:00,0,65
projects\index.html,166,html,73814b10,JACK-coder0315,2025-04-04,21:38:09,-07:00,2025-04-04T21:38:09-07:00,0,55
projects\index.html,167,html,73814b10,JACK-coder0315,2025-04-04,21:38:09,-07:00,2025-04-04T21:38:09-07:00,0,81
projects\index.html,168,html,73814b10,JACK-coder0315,2025-04-04,21:38:09,-07:00,2025-04-04T21:38:09-07:00,0,4
projects\index.html,169,html,73814b10,JACK-coder0315,2025-04-04,21:38:09,-07:00,2025-04-04T21:38:09-07:00,0,4
projects\index.html,170,html,73814b10,JACK-coder0315,2025-04-04,21:38:09,-07:00,2025-04-04T21:38:09-07:00,0,4
projects\index.html,171,html,73814b10,JACK-coder0315,2025-04-04,21:38:09,-07:00,2025-04-04T21:38:09-07:00,0,5
projects\index.html,172,html,6d634920,JACK-coder0315,2025-04-04,21:44:41,-07:00,2025-04-04T21:44:41-07:00,0,26
projects\index.html,173,html,6d634920,JACK-coder0315,2025-04-04,21:44:41,-07:00,2025-04-04T21:44:41-07:00,0,21
projects\index.html,174,html,6d634920,JACK-coder0315,2025-04-04,21:44:41,-07:00,2025-04-04T21:44:41-07:00,0,3
projects\index.html,175,html,872631a1,JACK-coder0315,2025-04-04,21:56:46,-07:00,2025-04-04T21:56:46-07:00,0,90
projects\index.html,176,html,872631a1,JACK-coder0315,2025-04-04,21:56:46,-07:00,2025-04-04T21:56:46-07:00,0,90
projects\index.html,177,html,6d634920,JACK-coder0315,2025-04-04,21:44:41,-07:00,2025-04-04T21:44:41-07:00,0,4
projects\index.html,178,html,6d634920,JACK-coder0315,2025-04-04,21:44:41,-07:00,2025-04-04T21:44:41-07:00,0,5
projects\index.html,179,html,ab0fa388,JACK-coder0315,2025-04-04,21:13:31,-07:00,2025-04-04T21:13:31-07:00,0,6
projects\index.html,180,html,2f7a7219,JACK-coder0315,2025-04-15,20:30:44,-07:00,2025-04-15T20:30:44-07:00,0,0
projects\index.html,181,html,ab0fa388,JACK-coder0315,2025-04-04,21:13:31,-07:00,2025-04-04T21:13:31-07:00,0,6
meta\main.js,1,js,e3b6a71e,JACK-coder0315,2025-05-18,10:19:34,-07:00,2025-05-18T10:19:34-07:00,0,64
meta\main.js,2,js,e3b6a71e,JACK-coder0315,2025-05-18,10:19:34,-07:00,2025-05-18T10:19:34-07:00,0,0
meta\main.js,3,js,d9e66015,JACK-coder0315,2025-05-18,12:25:27,-07:00,2025-05-18T12:25:27-07:00,0,29
meta\main.js,4,js,6814ee5c,JACK-coder0315,2025-05-18,20:50:50,-07:00,2025-05-18T20:50:50-07:00,0,22
meta\main.js,5,js,6814ee5c,JACK-coder0315,2025-05-18,20:50:50,-07:00,2025-05-18T20:50:50-07:00,0,24
meta\main.js,6,js,d8558a5f,JACK-coder0315,2025-05-18,12:06:05,-07:00,2025-05-18T12:06:05-07:00,0,58
meta\main.js,7,js,d8558a5f,JACK-coder0315,2025-05-18,12:06:05,-07:00,2025-05-18T12:06:05-07:00,0,0
meta\main.js,8,js,d9e66015,JACK-coder0315,2025-05-18,12:25:27,-07:00,2025-05-18T12:25:27-07:00,0,31
meta\main.js,9,js,6814ee5c,JACK-coder0315,2025-05-18,20:50:50,-07:00,2025-05-18T20:50:50-07:00,0,26
meta\main.js,10,js,6814ee5c,JACK-coder0315,2025-05-18,20:50:50,-07:00,2025-05-18T20:50:50-07:00,0,33
meta\main.js,11,js,e3b6a71e,JACK-coder0315,2025-05-18,10:19:34,-07:00,2025-05-18T10:19:34-07:00,0,6
meta\main.js,12,js,6814ee5c,JACK-coder0315,2025-05-18,20:50:50,-07:00,2025-05-18T20:50:50-07:00,0,15
meta\main.js,13,js,6814ee5c,JACK-coder0315,2025-05-18,20:50:50,-07:00,2025-05-18T20:50:50-07:00,0,17
meta\main.js,14,js,6814ee5c,JACK-coder0315,2025-05-18,20:50:50,-07:00,2025-05-18T20:50:50-07:00,0,19
meta\main.js,15,js,6814ee5c,JACK-coder0315,2025-05-18,20:50:50,-07:00,2025-05-18T20:50:50-07:00,0,31
meta\main.js,16,js,e3b6a71e,JACK-coder0315,2025-05-18,10:19:34,-07:00,2025-05-18T10:19:34-07:00,0,3
meta\main.js,17,js,5f657c29,JACK-coder0315,2025-05-05,06:48:12,-07:00,2025-05-05T06:48:12-07:00,0,0
meta\main.js,18,js,6814ee5c,JACK-coder0315,2025-05-18,20:50:50,-07:00,2025-05-18T20:50:50-07:00,0,0
meta\main.js,19,js,6814ee5c,JACK-coder0315,2025-05-18,20:50:50,-07:00,2025-05-18T20:50:50-07:00,0,30
meta\main.js,20,js,6814ee5c,JACK-coder0315,2025-05-18,20:50:50,-07:00,2025-05-18T20:50:50-07:00,0,59
meta\main.js,21,js,d9e66015,JACK-coder0315,2025-05-18,12:25:27,-07:00,2025-05-18T12:25:27-07:00,0,28
meta\main.js,22,js,6814ee5c,JACK-coder0315,2025-05-18,20:50:50,-07:00,2025-05-18T20:50:50-07:00,0,15
meta\main.js,23,js,6814ee5c,JACK-coder0315,2025-05-18,20:50:50,-07:00,2025-05-18T20:50:50-07:00,0,2
meta\main.js,24,js,6814ee5c,JACK-coder0315,2025-05-18,20:50:50,-07:00,2025-05-18T20:50:50-07:00,0,23
meta\main.js,25,js,6814ee5c,JACK-coder0315,2025-05-18,20:50:50,-07:00,2025-05-18T20:50:50-07:00,0,12
meta\main.js,26,js,6814ee5c,JACK-coder0315,2025-05-18,20:50:50,-07:00,2025-05-18T20:50:50-07:00,0,46
meta\main.js,27,js,0346fbf7,JACK-coder0315,2025-05-18,11:33:39,-07:00,2025-05-18T11:33:39-07:00,0,24
meta\main.js,28,js,6814ee5c,JACK-coder0315,2025-05-18,20:50:50,-07:00,2025-05-18T20:50:50-07:00,0,62
meta\main.js,29,js,0346fbf7,JACK-coder0315,2025-05-18,11:33:39,-07:00,2025-05-18T11:33:39-07:00,0,1
meta\main.js,30,js,6814ee5c,JACK-coder0315,2025-05-18,20:50:50,-07:00,2025-05-18T20:50:50-07:00,0,56
meta\main.js,31,js,6814ee5c,JACK-coder0315,2025-05-18,20:50:50,-07:00,2025-05-18T20:50:50-07:00,0,13
meta\main.js,32,js,5f657c29,JACK-coder0315,2025-05-05,06:48:12,-07:00,2025-05-05T06:48:12-07:00,0,2
meta\main.js,33,js,5f657c29,JACK-coder0315,2025-05-05,06:48:12,-07:00,2025-05-05T06:48:12-07:00,0,0
meta\main.js,34,js,5f657c29,JACK-coder0315,2025-05-05,06:48:12,-07:00,2025-05-05T06:48:12-07:00,0,0
meta\main.js,35,js,d9e66015,JACK-coder0315,2025-05-18,12:25:27,-07:00,2025-05-18T12:25:27-07:00,0,34
meta\main.js,36,js,6814ee5c,JACK-coder0315,2025-05-18,20:50:50,-07:00,2025-05-18T20:50:50-07:00,0,38
meta\main.js,37,js,6814ee5c,JACK-coder0315,2025-05-18,20:50:50,-07:00,2025-05-18T20:50:50-07:00,0,75
meta\main.js,38,js,6814ee5c,JACK-coder0315,2025-05-18,20:50:50,-07:00,2025-05-18T20:50:50-07:00,0,0
meta\main.js,39,js,6814ee5c,JACK-coder0315,2025-05-18,20:50:50,-07:00,2025-05-18T20:50:50-07:00,0,91
meta\main.js,40,js,6814ee5c,JACK-coder0315,2025-05-18,20:50:50,-07:00,2025-05-18T20:50:50-07:00,0,0
meta\main.js,41,js,6814ee5c,JACK-coder0315,2025-05-18,20:50:50,-07:00,2025-05-18T20:50:50-07:00,0,29
meta\main.js,42,js,d9e66015,JACK-coder0315,2025-05-18,12:25:27,-07:00,2025-05-18T12:25:27-07:00,0,36
meta\main.js,43,js,6814ee5c,JACK-coder0315,2025-05-18,20:50:50,-07:00,2025-05-18T20:50:50-07:00,0,60
meta\main.js,44,js,6814ee5c,JACK-coder0315,2025-05-18,20:50:50,-07:00,2025-05-18T20:50:50-07:00,0,48
meta\main.js,45,js,6814ee5c,JACK-coder0315,2025-05-18,20:50:50,-07:00,2025-05-18T20:50:50-07:00,0,59
meta\main.js,46,js,6814ee5c,JACK-coder0315,2025-05-18,20:50:50,-07:00,2025-05-18T20:50:50-07:00,0,77
meta\main.js,47,js,d9e66015,JACK-coder0315,2025-05-18,12:25:27,-07:00,2025-05-18T12:25:27-07:00,0,65
meta\main.js,48,js,6814ee5c,JACK-coder0315,2025-05-18,20:50:50,-07:00,2025-05-18T20:50:50-07:00,0,19
meta\main.js,49,js,6814ee5c,JACK-coder0315,2025-05-18,20:50:50,-07:00,2025-05-18T20:50:50-07:00,0,80
meta\main.js,50,js,6814ee5c,JACK-coder0315,2025-05-18,20:50:50,-07:00,2025-05-18T20:50:50-07:00,0,73
meta\main.js,51,js,6814ee5c,JACK-coder0315,2025-05-18,20:50:50,-07:00,2025-05-18T20:50:50-07:00,0,78
meta\main.js,52,js,6814ee5c,JACK-coder0315,2025-05-18,20:50:50,-07:00,2025-05-18T20:50:50-07:00,0,48
meta\main.js,53,js,5f657c29,JACK-coder0315,2025-05-05,06:48:12,-07:00,2025-05-05T06:48:12-07:00,0,0
meta\main.js,54,js,e7e0ba0f,JACK-coder0315,2025-05-18,10:18:16,-07:00,2025-05-18T10:18:16-07:00,0,0
meta\main.js,55,js,d9e66015,JACK-coder0315,2025-05-18,12:25:27,-07:00,2025-05-18T12:25:27-07:00,0,34
meta\main.js,56,js,6814ee5c,JACK-coder0315,2025-05-18,20:50:50,-07:00,2025-05-18T20:50:50-07:00,0,23
meta\main.js,57,js,6814ee5c,JACK-coder0315,2025-05-18,20:50:50,-07:00,2025-05-18T20:50:50-07:00,0,43
meta\main.js,58,js,6814ee5c,JACK-coder0315,2025-05-18,20:50:50,-07:00,2025-05-18T20:50:50-07:00,0,136
meta\main.js,59,js,6814ee5c,JACK-coder0315,2025-05-18,20:50:50,-07:00,2025-05-18T20:50:50-07:00,0,107
meta\main.js,60,js,d9e66015,JACK-coder0315,2025-05-18,12:25:27,-07:00,2025-05-18T12:25:27-07:00,0,39
meta\main.js,61,js,d9e66015,JACK-coder0315,2025-05-18,12:25:27,-07:00,2025-05-18T12:25:27-07:00,0,42
meta\main.js,62,js,5f657c29,JACK-coder0315,2025-05-05,06:48:12,-07:00,2025-05-05T06:48:12-07:00,0,0
meta\main.js,63,js,6814ee5c,JACK-coder0315,2025-05-18,20:50:50,-07:00,2025-05-18T20:50:50-07:00,0,113
meta\main.js,64,js,6814ee5c,JACK-coder0315,2025-05-18,20:50:50,-07:00,2025-05-18T20:50:50-07:00,0,24
meta\main.js,65,js,d9e66015,JACK-coder0315,2025-05-18,12:25:27,-07:00,2025-05-18T12:25:27-07:00,0,0
meta\main.js,66,js,6814ee5c,JACK-coder0315,2025-05-18,20:50:50,-07:00,2025-05-18T20:50:50-07:00,0,72
meta\main.js,67,js,d9e66015,JACK-coder0315,2025-05-18,12:25:27,-07:00,2025-05-18T12:25:27-07:00,0,0
meta\main.js,68,js,d9e66015,JACK-coder0315,2025-05-18,12:25:27,-07:00,2025-05-18T12:25:27-07:00,0,30
meta\main.js,69,js,6814ee5c,JACK-coder0315,2025-05-18,20:50:50,-07:00,2025-05-18T20:50:50-07:00,0,32
meta\main.js,70,js,6814ee5c,JACK-coder0315,2025-05-18,20:50:50,-07:00,2025-05-18T20:50:50-07:00,0,78
meta\main.js,71,js,6814ee5c,JACK-coder0315,2025-05-18,20:50:50,-07:00,2025-05-18T20:50:50-07:00,0,116
meta\main.js,72,js,6814ee5c,JACK-coder0315,2025-05-18,20:50:50,-07:00,2025-05-18T20:50:50-07:00,0,0
meta\main.js,73,js,6814ee5c,JACK-coder0315,2025-05-18,20:50:50,-07:00,2025-05-18T20:50:50-07:00,0,114
meta\main.js,74,js,6814ee5c,JACK-coder0315,2025-05-18,20:50:50,-07:00,2025-05-18T20:50:50-07:00,0,81
meta\main.js,75,js,6814ee5c,JACK-coder0315,2025-05-18,20:50:50,-07:00,2025-05-18T20:50:50-07:00,0,85
meta\main.js,76,js,6814ee5c,JACK-coder0315,2025-05-18,20:50:50,-07:00,2025-05-18T20:50:50-07:00,0,0
meta\main.js,77,js,6814ee5c,JACK-coder0315,2025-05-18,20:50:50,-07:00,2025-05-18T20:50:50-07:00,0,93
meta\main.js,78,js,6814ee5c,JACK-coder0315,2025-05-18,20:50:50,-07:00,2025-05-18T20:50:50-07:00,0,142
meta\main.js,79,js,6814ee5c,JACK-coder0315,2025-05-18,20:50:50,-07:00,2025-05-18T20:50:50-07:00,0,0
meta\main.js,80,js,6814ee5c,JACK-coder0315,2025-05-18,20:50:50,-07:00,2025-05-18T20:50:50-07:00,0,107
meta\main.js,81,js,6814ee5c,JACK-coder0315,2025-05-18,20:50:50,-07:00,2025-05-18T20:50:50-07:00,0,30
meta\main.js,82,js,6814ee5c,JACK-coder0315,2025-05-18,20:50:50,-07:00,2025-05-18T20:50:50-07:00,0,30
meta\main.js,83,js,6814ee5c,JACK-coder0315,2025-05-18,20:50:50,-07:00,2025-05-18T20:50:50-07:00,0,31
meta\main.js,84,js,6814ee5c,JACK-coder0315,2025-05-18,20:50:50,-07:00,2025-05-18T20:50:50-07:00,0,51
meta\main.js,85,js,6814ee5c,JACK-coder0315,2025-05-18,20:50:50,-07:00,2025-05-18T20:50:50-07:00,0,93
meta\main.js,86,js,6814ee5c,JACK-coder0315,2025-05-18,20:50:50,-07:00,2025-05-18T20:50:50-07:00,0,123
meta\main.js,87,js,6814ee5c,JACK-coder0315,2025-05-18,20:50:50,-07:00,2025-05-18T20:50:50-07:00,0,88
meta\main.js,88,js,e7e0ba0f,JACK-coder0315,2025-05-18,10:18:16,-07:00,2025-05-18T10:18:16-07:00,0,0
meta\main.js,89,js,e7e0ba0f,JACK-coder0315,2025-05-18,10:18:16,-07:00,2025-05-18T10:18:16-07:00,0,0
meta\main.js,90,js,d9e66015,JACK-coder0315,2025-05-18,12:25:27,-07:00,2025-05-18T12:25:27-07:00,0,31
meta\main.js,91,js,6814ee5c,JACK-coder0315,2025-05-18,20:50:50,-07:00,2025-05-18T20:50:50-07:00,0,30
meta\main.js,92,js,6814ee5c,JACK-coder0315,2025-05-18,20:50:50,-07:00,2025-05-18T20:50:50-07:00,0,170
meta\main.js,93,js,d8558a5f,JACK-coder0315,2025-05-18,12:06:05,-07:00,2025-05-18T12:06:05-07:00,0,39
meta\main.js,94,js,6814ee5c,JACK-coder0315,2025-05-18,20:50:50,-07:00,2025-05-18T20:50:50-07:00,0,69
meta\main.js,95,js,6814ee5c,JACK-coder0315,2025-05-18,20:50:50,-07:00,2025-05-18T20:50:50-07:00,0,50
meta\main.js,96,js,6814ee5c,JACK-coder0315,2025-05-18,20:50:50,-07:00,2025-05-18T20:50:50-07:00,0,69
meta\main.js,97,js,d9e66015,JACK-coder0315,2025-05-18,12:25:27,-07:00,2025-05-18T12:25:27-07:00,0,16
meta\main.js,98,js,6814ee5c,JACK-coder0315,2025-05-18,20:50:50,-07:00,2025-05-18T20:50:50-07:00,0,47
meta\main.js,99,js,6814ee5c,JACK-coder0315,2025-05-18,20:50:50,-07:00,2025-05-18T20:50:50-07:00,0,21
meta\main.js,100,js,6814ee5c,JACK-coder0315,2025-05-18,20:50:50,-07:00,2025-05-18T20:50:50-07:00,0,49
meta\main.js,101,js,d8558a5f,JACK-coder0315,2025-05-18,12:06:05,-07:00,2025-05-18T12:06:05-07:00,0,0
meta\main.js,102,js,d8558a5f,JACK-coder0315,2025-05-18,12:06:05,-07:00,2025-05-18T12:06:05-07:00,0,0
meta\main.js,103,js,6814ee5c,JACK-coder0315,2025-05-18,20:50:50,-07:00,2025-05-18T20:50:50-07:00,0,49
meta\main.js,104,js,6814ee5c,JACK-coder0315,2025-05-18,20:50:50,-07:00,2025-05-18T20:50:50-07:00,0,28
meta\main.js,105,js,6814ee5c,JACK-coder0315,2025-05-18,20:50:50,-07:00,2025-05-18T20:50:50-07:00,0,94
meta\main.js,106,js,6814ee5c,JACK-coder0315,2025-05-18,20:50:50,-07:00,2025-05-18T20:50:50-07:00,0,21
meta\main.js,107,js,6814ee5c,JACK-coder0315,2025-05-18,20:50:50,-07:00,2025-05-18T20:50:50-07:00,0,29
meta\main.js,108,js,6814ee5c,JACK-coder0315,2025-05-18,20:50:50,-07:00,2025-05-18T20:50:50-07:00,0,46
meta\main.js,109,js,6814ee5c,JACK-coder0315,2025-05-18,20:50:50,-07:00,2025-05-18T20:50:50-07:00,0,11
meta\main.js,110,js,6814ee5c,JACK-coder0315,2025-05-18,20:50:50,-07:00,2025-05-18T20:50:50-07:00,0,87
meta\main.js,111,js,6814ee5c,JACK-coder0315,2025-05-18,20:50:50,-07:00,2025-05-18T20:50:50-07:00,0,130
meta\main.js,112,js,6814ee5c,JACK-coder0315,2025-05-18,20:50:50,-07:00,2025-05-18T20:50:50-07:00,0,2
meta\main.js,113,js,fefea373,JACK-coder0315,2025-05-18,11:37:34,-07:00,2025-05-18T11:37:34-07:00,0,0
meta\main.js,114,js,fefea373,JACK-coder0315,2025-05-18,11:37:34,-07:00,2025-05-18T11:37:34-07:00,0,0
meta\main.js,115,js,d9e66015,JACK-coder0315,2025-05-18,12:25:27,-07:00,2025-05-18T12:25:27-07:00,0,30
meta\main.js,116,js,6814ee5c,JACK-coder0315,2025-05-18,20:50:50,-07:00,2025-05-18T20:50:50-07:00,0,13
meta\main.js,117,js,d9e66015,JACK-coder0315,2025-05-18,12:25:27,-07:00,2025-05-18T12:25:27-07:00,0,28
meta\main.js,118,js,e9d87fe7,JACK-coder0315,2025-05-18,12:16:56,-07:00,2025-05-18T12:16:56-07:00,0,35
meta\main.js,119,js,e9d87fe7,JACK-coder0315,2025-05-18,12:16:56,-07:00,2025-05-18T12:16:56-07:00,0,0
meta\main.js,120,js,d9e66015,JACK-coder0315,2025-05-18,12:25:27,-07:00,2025-05-18T12:25:27-07:00,0,27
meta\main.js,121,js,e9d87fe7,JACK-coder0315,2025-05-18,12:16:56,-07:00,2025-05-18T12:16:56-07:00,0,0
meta\main.js,122,js,6814ee5c,JACK-coder0315,2025-05-18,20:50:50,-07:00,2025-05-18T20:50:50-07:00,0,54
meta\main.js,123,js,6814ee5c,JACK-coder0315,2025-05-18,20:50:50,-07:00,2025-05-18T20:50:50-07:00,0,56
meta\main.js,124,js,6814ee5c,JACK-coder0315,2025-05-18,20:50:50,-07:00,2025-05-18T20:50:50-07:00,0,0
meta\main.js,125,js,e9d87fe7,JACK-coder0315,2025-05-18,12:16:56,-07:00,2025-05-18T12:16:56-07:00,0,46
meta\main.js,126,js,e9d87fe7,JACK-coder0315,2025-05-18,12:16:56,-07:00,2025-05-18T12:16:56-07:00,0,0
meta\main.js,127,js,6814ee5c,JACK-coder0315,2025-05-18,20:50:50,-07:00,2025-05-18T20:50:50-07:00,0,21
meta\main.js,128,js,d9e66015,JACK-coder0315,2025-05-18,12:25:27,-07:00,2025-05-18T12:25:27-07:00,0,64
meta\main.js,129,js,d9e66015,JACK-coder0315,2025-05-18,12:25:27,-07:00,2025-05-18T12:25:27-07:00,0,53
meta\main.js,130,js,e9d87fe7,JACK-coder0315,2025-05-18,12:16:56,-07:00,2025-05-18T12:16:56-07:00,0,18
meta\main.js,131,js,d9e66015,JACK-coder0315,2025-05-18,12:25:27,-07:00,2025-05-18T12:25:27-07:00,0,20
meta\main.js,132,js,e9d87fe7,JACK-coder0315,2025-05-18,12:16:56,-07:00,2025-05-18T12:16:56-07:00,0,18
meta\main.js,133,js,e9d87fe7,JACK-coder0315,2025-05-18,12:16:56,-07:00,2025-05-18T12:16:56-07:00,0,0
meta\main.js,134,js,e9d87fe7,JACK-coder0315,2025-05-18,12:16:56,-07:00,2025-05-18T12:16:56-07:00,0,0
meta\main.js,135,js,6814ee5c,JACK-coder0315,2025-05-18,20:50:50,-07:00,2025-05-18T20:50:50-07:00,0,27
meta\main.js,136,js,d9e66015,JACK-coder0315,2025-05-18,12:25:27,-07:00,2025-05-18T12:25:27-07:00,0,67
meta\main.js,137,js,d9e66015,JACK-coder0315,2025-05-18,12:25:27,-07:00,2025-05-18T12:25:27-07:00,0,11
meta\main.js,138,js,fefea373,JACK-coder0315,2025-05-18,11:37:34,-07:00,2025-05-18T11:37:34-07:00,0,2
meta\main.js,139,js,e9d87fe7,JACK-coder0315,2025-05-18,12:16:56,-07:00,2025-05-18T12:16:56-07:00,0,0
meta\main.js,140,js,6814ee5c,JACK-coder0315,2025-05-18,20:50:50,-07:00,2025-05-18T20:50:50-07:00,0,9
meta\main.js,141,js,fefea373,JACK-coder0315,2025-05-18,11:37:34,-07:00,2025-05-18T11:37:34-07:00,0,4
meta\index.html,1,html,0d54d140,JACK-coder0315,2025-05-05,06:02:22,-07:00,2025-05-05T06:02:22-07:00,0,14
meta\index.html,2,html,0d54d140,JACK-coder0315,2025-05-05,06:02:22,-07:00,2025-05-05T06:02:22-07:00,0,15
meta\index.html,3,html,0d54d140,JACK-coder0315,2025-05-05,06:02:22,-07:00,2025-05-05T06:02:22-07:00,0,5
meta\index.html,4,html,6f4feef2,JACK-coder0315,2025-05-05,07:21:26,-07:00,2025-05-05T07:21:26-07:00,0,23
meta\index.html,5,html,e3b6a71e,JACK-coder0315,2025-05-18,10:19:34,-07:00,2025-05-18T10:19:34-07:00,0,29
meta\index.html,6,html,e9d87fe7,JACK-coder0315,2025-05-18,12:16:56,-07:00,2025-05-18T12:16:56-07:00,0,0
meta\index.html,7,html,6f4feef2,JACK-coder0315,2025-05-05,07:21:26,-07:00,2025-05-05T07:21:26-07:00,0,44
meta\index.html,8,html,e9d87fe7,JACK-coder0315,2025-05-18,12:16:56,-07:00,2025-05-18T12:16:56-07:00,0,0
meta\index.html,9,html,e3b6a71e,JACK-coder0315,2025-05-18,10:19:34,-07:00,2025-05-18T10:19:34-07:00,0,85
meta\index.html,10,html,e3b6a71e,JACK-coder0315,2025-05-18,10:19:34,-07:00,2025-05-18T10:19:34-07:00,0,50
meta\index.html,11,html,0d54d140,JACK-coder0315,2025-05-05,06:02:22,-07:00,2025-05-05T06:02:22-07:00,0,6
meta\index.html,12,html,fefea373,JACK-coder0315,2025-05-18,11:37:34,-07:00,2025-05-18T11:37:34-07:00,0,0
meta\index.html,13,html,0d54d140,JACK-coder0315,2025-05-05,06:02:22,-07:00,2025-05-05T06:02:22-07:00,0,5
meta\index.html,14,html,b4f327e0,JACK-coder0315,2025-05-05,08:04:59,-07:00,2025-05-05T08:04:59-07:00,0,29
meta\index.html,15,html,76f66a38,JACK-coder0315,2025-05-05,07:59:10,-07:00,2025-05-05T07:59:10-07:00,0,35
meta\index.html,16,html,76f66a38,JACK-coder0315,2025-05-05,07:59:10,-07:00,2025-05-05T07:59:10-07:00,0,0
meta\index.html,17,html,e3b6a71e,JACK-coder0315,2025-05-18,10:19:34,-07:00,2025-05-18T10:19:34-07:00,0,23
meta\index.html,18,html,e9d87fe7,JACK-coder0315,2025-05-18,12:16:56,-07:00,2025-05-18T12:16:56-07:00,0,0
meta\index.html,19,html,d9e66015,JACK-coder0315,2025-05-18,12:25:27,-07:00,2025-05-18T12:25:27-07:00,0,27
meta\index.html,20,html,d9e66015,JACK-coder0315,2025-05-18,12:25:27,-07:00,2025-05-18T12:25:27-07:00,0,15
meta\index.html,21,html,e3b6a71e,JACK-coder0315,2025-05-18,10:19:34,-07:00,2025-05-18T10:19:34-07:00,0,29
meta\index.html,22,html,e9d87fe7,JACK-coder0315,2025-05-18,12:16:56,-07:00,2025-05-18T12:16:56-07:00,0,0
meta\index.html,23,html,d9e66015,JACK-coder0315,2025-05-18,12:25:27,-07:00,2025-05-18T12:25:27-07:00,0,41
meta\index.html,24,html,d9e66015,JACK-coder0315,2025-05-18,12:25:27,-07:00,2025-05-18T12:25:27-07:00,0,30
meta\index.html,25,html,e9d87fe7,JACK-coder0315,2025-05-18,12:16:56,-07:00,2025-05-18T12:16:56-07:00,0,24
meta\index.html,26,html,e9d87fe7,JACK-coder0315,2025-05-18,12:16:56,-07:00,2025-05-18T12:16:56-07:00,0,26
meta\index.html,27,html,e9d87fe7,JACK-coder0315,2025-05-18,12:16:56,-07:00,2025-05-18T12:16:56-07:00,0,22
meta\index.html,28,html,e9d87fe7,JACK-coder0315,2025-05-18,12:16:56,-07:00,2025-05-18T12:16:56-07:00,0,31
meta\index.html,29,html,e9d87fe7,JACK-coder0315,2025-05-18,12:16:56,-07:00,2025-05-18T12:16:56-07:00,0,5
meta\index.html,30,html,e9d87fe7,JACK-coder0315,2025-05-18,12:16:56,-07:00,2025-05-18T12:16:56-07:00,0,21
meta\index.html,31,html,fefea373,JACK-coder0315,2025-05-18,11:37:34,-07:00,2025-05-18T11:37:34-07:00,0,5
meta\index.html,32,html,fefea373,JACK-coder0315,2025-05-18,11:37:34,-07:00,2025-05-18T11:37:34-07:00,0,0
meta\index.html,33,html,d9e66015,JACK-coder0315,2025-05-18,12:25:27,-07:00,2025-05-18T12:25:27-07:00,0,33
meta\index.html,34,html,d8558a5f,JACK-coder0315,2025-05-18,12:06:05,-07:00,2025-05-18T12:06:05-07:00,0,22
meta\index.html,35,html,d8558a5f,JACK-coder0315,2025-05-18,12:06:05,-07:00,2025-05-18T12:06:05-07:00,0,0
meta\index.html,36,html,d9e66015,JACK-coder0315,2025-05-18,12:25:27,-07:00,2025-05-18T12:25:27-07:00,0,27
meta\index.html,37,html,d9e66015,JACK-coder0315,2025-05-18,12:25:27,-07:00,2025-05-18T12:25:27-07:00,0,49
meta\index.html,38,html,d9e66015,JACK-coder0315,2025-05-18,12:25:27,-07:00,2025-05-18T12:25:27-07:00,0,35
meta\index.html,39,html,d9e66015,JACK-coder0315,2025-05-18,12:25:27,-07:00,2025-05-18T12:25:27-07:00,0,35
meta\index.html,40,html,d9e66015,JACK-coder0315,2025-05-18,12:25:27,-07:00,2025-05-18T12:25:27-07:00,0,35
meta\index.html,41,html,d9e66015,JACK-coder0315,2025-05-18,12:25:27,-07:00,2025-05-18T12:25:27-07:00,0,39
meta\index.html,42,html,d9e66015,JACK-coder0315,2025-05-18,12:25:27,-07:00,2025-05-18T12:25:27-07:00,0,44
meta\index.html,43,html,e3b6a71e,JACK-coder0315,2025-05-18,10:19:34,-07:00,2025-05-18T10:19:34-07:00,0,4
meta\index.html,44,html,5f657c29,JACK-coder0315,2025-05-05,06:48:12,-07:00,2025-05-05T06:48:12-07:00,0,0
meta\index.html,45,html,d9e66015,JACK-coder0315,2025-05-18,12:25:27,-07:00,2025-05-18T12:25:27-07:00,0,35
meta\index.html,46,html,e9d87fe7,JACK-coder0315,2025-05-18,12:16:56,-07:00,2025-05-18T12:16:56-07:00,0,27
meta\index.html,47,html,e9d87fe7,JACK-coder0315,2025-05-18,12:16:56,-07:00,2025-05-18T12:16:56-07:00,0,46
meta\index.html,48,html,e9d87fe7,JACK-coder0315,2025-05-18,12:16:56,-07:00,2025-05-18T12:16:56-07:00,0,34
meta\index.html,49,html,e9d87fe7,JACK-coder0315,2025-05-18,12:16:56,-07:00,2025-05-18T12:16:56-07:00,0,5
meta\index.html,50,html,e9d87fe7,JACK-coder0315,2025-05-18,12:16:56,-07:00,2025-05-18T12:16:56-07:00,0,6
meta\index.html,51,html,e9d87fe7,JACK-coder0315,2025-05-18,12:16:56,-07:00,2025-05-18T12:16:56-07:00,0,6
hiking\hiking.html,1,html,12ba4342,JACK-coder0315,2025-04-04,22:24:18,-07:00,2025-04-04T22:24:18-07:00,0,14
hiking\hiking.html,2,html,12ba4342,JACK-coder0315,2025-04-04,22:24:18,-07:00,2025-04-04T22:24:18-07:00,0,15
hiking\hiking.html,3,html,2f7a7219,JACK-coder0315,2025-04-15,20:30:44,-07:00,2025-04-15T20:30:44-07:00,0,0
hiking\hiking.html,4,html,12ba4342,JACK-coder0315,2025-04-04,22:24:18,-07:00,2025-04-04T22:24:18-07:00,0,5
hiking\hiking.html,5,html,12ba4342,JACK-coder0315,2025-04-04,22:24:18,-07:00,2025-04-04T22:24:18-07:00,0,21
hiking\hiking.html,6,html,12ba4342,JACK-coder0315,2025-04-04,22:24:18,-07:00,2025-04-04T22:24:18-07:00,0,69
hiking\hiking.html,7,html,12ba4342,JACK-coder0315,2025-04-04,22:24:18,-07:00,2025-04-04T22:24:18-07:00,0,20
hiking\hiking.html,8,html,12ba4342,JACK-coder0315,2025-04-04,22:24:18,-07:00,2025-04-04T22:24:18-07:00,0,6
hiking\hiking.html,9,html,7e28afd6,JACK-coder0315,2025-04-15,20:25:56,-07:00,2025-04-15T20:25:56-07:00,0,5
hiking\hiking.html,10,html,2f7a7219,JACK-coder0315,2025-04-15,20:30:44,-07:00,2025-04-15T20:30:44-07:00,0,24
hiking\hiking.html,11,html,2f7a7219,JACK-coder0315,2025-04-15,20:30:44,-07:00,2025-04-15T20:30:44-07:00,0,0
hiking\hiking.html,12,html,7e28afd6,JACK-coder0315,2025-04-15,20:25:56,-07:00,2025-04-15T20:25:56-07:00,0,0
hiking\hiking.html,13,html,12ba4342,JACK-coder0315,2025-04-04,22:24:18,-07:00,2025-04-04T22:24:18-07:00,0,5
hiking\hiking.html,14,html,12ba4342,JACK-coder0315,2025-04-04,22:24:18,-07:00,2025-04-04T22:24:18-07:00,0,13
hiking\hiking.html,15,html,2f7a7219,JACK-coder0315,2025-04-15,20:30:44,-07:00,2025-04-15T20:30:44-07:00,0,22
hiking\hiking.html,16,html,ba04f3cf,JACK-coder0315,2025-04-15,21:21:47,-07:00,2025-04-15T21:21:47-07:00,0,20
hiking\hiking.html,17,html,12ba4342,JACK-coder0315,2025-04-04,22:24:18,-07:00,2025-04-04T22:24:18-07:00,0,13
hiking\hiking.html,18,html,12ba4342,JACK-coder0315,2025-04-04,22:24:18,-07:00,2025-04-04T22:24:18-07:00,0,9
hiking\hiking.html,19,html,12ba4342,JACK-coder0315,2025-04-04,22:24:18,-07:00,2025-04-04T22:24:18-07:00,0,25
hiking\hiking.html,20,html,12ba4342,JACK-coder0315,2025-04-04,22:24:18,-07:00,2025-04-04T22:24:18-07:00,0,0
hiking\hiking.html,21,html,2f7a7219,JACK-coder0315,2025-04-15,20:30:44,-07:00,2025-04-15T20:30:44-07:00,0,0
hiking\hiking.html,22,html,ae32f6c6,JACK-coder0315,2025-04-04,22:30:36,-07:00,2025-04-04T22:30:36-07:00,0,5
hiking\hiking.html,23,html,bfa4bf6a,JACK-coder0315,2025-04-04,22:37:46,-07:00,2025-04-04T22:37:46-07:00,0,25
hiking\hiking.html,24,html,bfa4bf6a,JACK-coder0315,2025-04-04,22:37:46,-07:00,2025-04-04T22:37:46-07:00,0,16
hiking\hiking.html,25,html,bfa4bf6a,JACK-coder0315,2025-04-04,22:37:46,-07:00,2025-04-04T22:37:46-07:00,0,15
hiking\hiking.html,26,html,bfa4bf6a,JACK-coder0315,2025-04-04,22:37:46,-07:00,2025-04-04T22:37:46-07:00,0,18
hiking\hiking.html,27,html,2f7a7219,JACK-coder0315,2025-04-15,20:30:44,-07:00,2025-04-15T20:30:44-07:00,0,9
hiking\hiking.html,28,html,2f7a7219,JACK-coder0315,2025-04-15,20:30:44,-07:00,2025-04-15T20:30:44-07:00,0,18
hiking\hiking.html,29,html,2f7a7219,JACK-coder0315,2025-04-15,20:30:44,-07:00,2025-04-15T20:30:44-07:00,0,6
hiking\hiking.html,30,html,2f7a7219,JACK-coder0315,2025-04-15,20:30:44,-07:00,2025-04-15T20:30:44-07:00,0,13
hiking\hiking.html,31,html,2f7a7219,JACK-coder0315,2025-04-15,20:30:44,-07:00,2025-04-15T20:30:44-07:00,0,11
hiking\hiking.html,32,html,bfa4bf6a,JACK-coder0315,2025-04-04,22:37:46,-07:00,2025-04-04T22:37:46-07:00,0,22
hiking\hiking.html,33,html,2f7a7219,JACK-coder0315,2025-04-15,20:30:44,-07:00,2025-04-15T20:30:44-07:00,0,40
hiking\hiking.html,34,html,2f7a7219,JACK-coder0315,2025-04-15,20:30:44,-07:00,2025-04-15T20:30:44-07:00,0,44
hiking\hiking.html,35,html,ba04f3cf,JACK-coder0315,2025-04-15,21:21:47,-07:00,2025-04-15T21:21:47-07:00,0,40
hiking\hiking.html,36,html,bfa4bf6a,JACK-coder0315,2025-04-04,22:37:46,-07:00,2025-04-04T22:37:46-07:00,0,0
hiking\hiking.html,37,html,bfa4bf6a,JACK-coder0315,2025-04-04,22:37:46,-07:00,2025-04-04T22:37:46-07:00,0,0
hiking\hiking.html,38,html,bfa4bf6a,JACK-coder0315,2025-04-04,22:37:46,-07:00,2025-04-04T22:37:46-07:00,0,7
hiking\hiking.html,39,html,bfa4bf6a,JACK-coder0315,2025-04-04,22:37:46,-07:00,2025-04-04T22:37:46-07:00,0,21
hiking\hiking.html,40,html,bfa4bf6a,JACK-coder0315,2025-04-04,22:37:46,-07:00,2025-04-04T22:37:46-07:00,0,12
hiking\hiking.html,41,html,bfa4bf6a,JACK-coder0315,2025-04-04,22:37:46,-07:00,2025-04-04T22:37:46-07:00,0,18
hiking\hiking.html,42,html,2f7a7219,JACK-coder0315,2025-04-15,20:30:44,-07:00,2025-04-15T20:30:44-07:00,0,18
hiking\hiking.html,43,html,bfa4bf6a,JACK-coder0315,2025-04-04,22:37:46,-07:00,2025-04-04T22:37:46-07:00,0,21
hiking\hiking.html,44,html,bfa4bf6a,JACK-coder0315,2025-04-04,22:37:46,-07:00,2025-04-04T22:37:46-07:00,0,15
hiking\hiking.html,45,html,2f7a7219,JACK-coder0315,2025-04-15,20:30:44,-07:00,2025-04-15T20:30:44-07:00,0,9
hiking\hiking.html,46,html,bfa4bf6a,JACK-coder0315,2025-04-04,22:37:46,-07:00,2025-04-04T22:37:46-07:00,0,0
hiking\hiking.html,47,html,1d059f4a,JACK-coder0315,2025-04-04,22:32:49,-07:00,2025-04-04T22:32:49-07:00,0,0
hiking\hiking.html,48,html,8e9410eb,JACK-coder0315,2025-04-15,21:24:58,-07:00,2025-04-15T21:24:58-07:00,0,15
hiking\hiking.html,49,html,8e9410eb,JACK-coder0315,2025-04-15,21:24:58,-07:00,2025-04-15T21:24:58-07:00,0,30
hiking\hiking.html,50,html,8e9410eb,JACK-coder0315,2025-04-15,21:24:58,-07:00,2025-04-15T21:24:58-07:00,0,0
hiking\hiking.html,51,html,8e9410eb,JACK-coder0315,2025-04-15,21:24:58,-07:00,2025-04-15T21:24:58-07:00,0,0
hiking\hiking.html,52,html,2f7a7219,JACK-coder0315,2025-04-15,20:30:44,-07:00,2025-04-15T20:30:44-07:00,0,9
hiking\hiking.html,53,html,bfa4bf6a,JACK-coder0315,2025-04-04,22:37:46,-07:00,2025-04-04T22:37:46-07:00,0,17
hiking\hiking.html,54,html,bfa4bf6a,JACK-coder0315,2025-04-04,22:37:46,-07:00,2025-04-04T22:37:46-07:00,0,0
hiking\hiking.html,55,html,1d059f4a,JACK-coder0315,2025-04-04,22:32:49,-07:00,2025-04-04T22:32:49-07:00,0,0
hiking\hiking.html,56,html,bfa4bf6a,JACK-coder0315,2025-04-04,22:37:46,-07:00,2025-04-04T22:37:46-07:00,0,13
hiking\hiking.html,57,html,bfa4bf6a,JACK-coder0315,2025-04-04,22:37:46,-07:00,2025-04-04T22:37:46-07:00,0,22
hiking\hiking.html,58,html,bfa4bf6a,JACK-coder0315,2025-04-04,22:37:46,-07:00,2025-04-04T22:37:46-07:00,0,12
hiking\hiking.html,59,html,bfa4bf6a,JACK-coder0315,2025-04-04,22:37:46,-07:00,2025-04-04T22:37:46-07:00,0,0
hiking\hiking.html,60,html,1d059f4a,JACK-coder0315,2025-04-04,22:32:49,-07:00,2025-04-04T22:32:49-07:00,0,0
hiking\hiking.html,61,html,00541a7d,JACK-coder0315,2025-04-15,21:49:51,-07:00,2025-04-15T21:49:51-07:00,0,16
hiking\hiking.html,62,html,00541a7d,JACK-coder0315,2025-04-15,21:49:51,-07:00,2025-04-15T21:49:51-07:00,0,13
hiking\hiking.html,63,html,00541a7d,JACK-coder0315,2025-04-15,21:49:51,-07:00,2025-04-15T21:49:51-07:00,0,22
hiking\hiking.html,64,html,00541a7d,JACK-coder0315,2025-04-15,21:49:51,-07:00,2025-04-15T21:49:51-07:00,0,19
hiking\hiking.html,65,html,00541a7d,JACK-coder0315,2025-04-15,21:49:51,-07:00,2025-04-15T21:49:51-07:00,0,23
hiking\hiking.html,66,html,00541a7d,JACK-coder0315,2025-04-15,21:49:51,-07:00,2025-04-15T21:49:51-07:00,0,13
hiking\hiking.html,67,html,00541a7d,JACK-coder0315,2025-04-15,21:49:51,-07:00,2025-04-15T21:49:51-07:00,0,0
hiking\hiking.html,68,html,00541a7d,JACK-coder0315,2025-04-15,21:49:51,-07:00,2025-04-15T21:49:51-07:00,0,0
hiking\hiking.html,69,html,12ba4342,JACK-coder0315,2025-04-04,22:24:18,-07:00,2025-04-04T22:24:18-07:00,0,10
hiking\hiking.html,70,html,12ba4342,JACK-coder0315,2025-04-04,22:24:18,-07:00,2025-04-04T22:24:18-07:00,0,12
hiking\hiking.html,71,html,12ba4342,JACK-coder0315,2025-04-04,22:24:18,-07:00,2025-04-04T22:24:18-07:00,0,13
hiking\hiking.html,72,html,12ba4342,JACK-coder0315,2025-04-04,22:24:18,-07:00,2025-04-04T22:24:18-07:00,0,16
hiking\hiking.html,73,html,12ba4342,JACK-coder0315,2025-04-04,22:24:18,-07:00,2025-04-04T22:24:18-07:00,0,18
hiking\hiking.html,74,html,12ba4342,JACK-coder0315,2025-04-04,22:24:18,-07:00,2025-04-04T22:24:18-07:00,0,22
hiking\hiking.html,75,html,12ba4342,JACK-coder0315,2025-04-04,22:24:18,-07:00,2025-04-04T22:24:18-07:00,0,19
hiking\hiking.html,76,html,12ba4342,JACK-coder0315,2025-04-04,22:24:18,-07:00,2025-04-04T22:24:18-07:00,0,0
hiking\hiking.html,77,html,bfa4bf6a,JACK-coder0315,2025-04-04,22:37:46,-07:00,2025-04-04T22:37:46-07:00,0,0
hiking\hiking.html,78,html,12ba4342,JACK-coder0315,2025-04-04,22:24:18,-07:00,2025-04-04T22:24:18-07:00,0,17
hiking\hiking.html,79,html,12ba4342,JACK-coder0315,2025-04-04,22:24:18,-07:00,2025-04-04T22:24:18-07:00,0,13
hiking\hiking.html,80,html,1d059f4a,JACK-coder0315,2025-04-04,22:32:49,-07:00,2025-04-04T22:32:49-07:00,0,22
hiking\hiking.html,81,html,12ba4342,JACK-coder0315,2025-04-04,22:24:18,-07:00,2025-04-04T22:24:18-07:00,0,38
hiking\hiking.html,82,html,12ba4342,JACK-coder0315,2025-04-04,22:24:18,-07:00,2025-04-04T22:24:18-07:00,0,0
hiking\hiking.html,83,html,bfa4bf6a,JACK-coder0315,2025-04-04,22:37:46,-07:00,2025-04-04T22:37:46-07:00,0,0
hiking\hiking.html,84,html,12ba4342,JACK-coder0315,2025-04-04,22:24:18,-07:00,2025-04-04T22:24:18-07:00,0,21
hiking\hiking.html,85,html,12ba4342,JACK-coder0315,2025-04-04,22:24:18,-07:00,2025-04-04T22:24:18-07:00,0,12
hiking\hiking.html,86,html,12ba4342,JACK-coder0315,2025-04-04,22:24:18,-07:00,2025-04-04T22:24:18-07:00,0,13
hiking\hiking.html,87,html,2f7a7219,JACK-coder0315,2025-04-15,20:30:44,-07:00,2025-04-15T20:30:44-07:00,0,14
hiking\hiking.html,88,html,12ba4342,JACK-coder0315,2025-04-04,22:24:18,-07:00,2025-04-04T22:24:18-07:00,0,0
hiking\hiking.html,89,html,bfa4bf6a,JACK-coder0315,2025-04-04,22:37:46,-07:00,2025-04-04T22:37:46-07:00,0,0
hiking\hiking.html,90,html,12ba4342,JACK-coder0315,2025-04-04,22:24:18,-07:00,2025-04-04T22:24:18-07:00,0,18
hiking\hiking.html,91,html,12ba4342,JACK-coder0315,2025-04-04,22:24:18,-07:00,2025-04-04T22:24:18-07:00,0,18
hiking\hiking.html,92,html,12ba4342,JACK-coder0315,2025-04-04,22:24:18,-07:00,2025-04-04T22:24:18-07:00,0,8
hiking\hiking.html,93,html,12ba4342,JACK-coder0315,2025-04-04,22:24:18,-07:00,2025-04-04T22:24:18-07:00,0,11
hiking\hiking.html,94,html,12ba4342,JACK-coder0315,2025-04-04,22:24:18,-07:00,2025-04-04T22:24:18-07:00,0,13
hiking\hiking.html,95,html,12ba4342,JACK-coder0315,2025-04-04,22:24:18,-07:00,2025-04-04T22:24:18-07:00,0,30
hiking\hiking.html,96,html,12ba4342,JACK-coder0315,2025-04-04,22:24:18,-07:00,2025-04-04T22:24:18-07:00,0,27
hiking\hiking.html,97,html,12ba4342,JACK-coder0315,2025-04-04,22:24:18,-07:00,2025-04-04T22:24:18-07:00,0,0
hiking\hiking.html,98,html,bfa4bf6a,JACK-coder0315,2025-04-04,22:37:46,-07:00,2025-04-04T22:37:46-07:00,0,0
hiking\hiking.html,99,html,12ba4342,JACK-coder0315,2025-04-04,22:24:18,-07:00,2025-04-04T22:24:18-07:00,0,17
hiking\hiking.html,100,html,12ba4342,JACK-coder0315,2025-04-04,22:24:18,-07:00,2025-04-04T22:24:18-07:00,0,36
hiking\hiking.html,101,html,12ba4342,JACK-coder0315,2025-04-04,22:24:18,-07:00,2025-04-04T22:24:18-07:00,0,12
hiking\hiking.html,102,html,12ba4342,JACK-coder0315,2025-04-04,22:24:18,-07:00,2025-04-04T22:24:18-07:00,0,12
hiking\hiking.html,103,html,12ba4342,JACK-coder0315,2025-04-04,22:24:18,-07:00,2025-04-04T22:24:18-07:00,0,13
hiking\hiking.html,104,html,12ba4342,JACK-coder0315,2025-04-04,22:24:18,-07:00,2025-04-04T22:24:18-07:00,0,15
hiking\hiking.html,105,html,12ba4342,JACK-coder0315,2025-04-04,22:24:18,-07:00,2025-04-04T22:24:18-07:00,0,18
hiking\hiking.html,106,html,12ba4342,JACK-coder0315,2025-04-04,22:24:18,-07:00,2025-04-04T22:24:18-07:00,0,0
hiking\hiking.html,107,html,bfa4bf6a,JACK-coder0315,2025-04-04,22:37:46,-07:00,2025-04-04T22:37:46-07:00,0,0
hiking\hiking.html,108,html,12ba4342,JACK-coder0315,2025-04-04,22:24:18,-07:00,2025-04-04T22:24:18-07:00,0,23
hiking\hiking.html,109,html,12ba4342,JACK-coder0315,2025-04-04,22:24:18,-07:00,2025-04-04T22:24:18-07:00,0,36
hiking\hiking.html,110,html,12ba4342,JACK-coder0315,2025-04-04,22:24:18,-07:00,2025-04-04T22:24:18-07:00,0,0
hiking\hiking.html,111,html,2f7a7219,JACK-coder0315,2025-04-15,20:30:44,-07:00,2025-04-15T20:30:44-07:00,0,0
hiking\hiking.html,112,html,2f7a7219,JACK-coder0315,2025-04-15,20:30:44,-07:00,2025-04-15T20:30:44-07:00,0,14
hiking\hiking.html,113,html,b67d6438,JACK-coder0315,2025-04-15,21:30:36,-07:00,2025-04-15T21:30:36-07:00,0,12
hiking\hiking.html,114,html,2f7a7219,JACK-coder0315,2025-04-15,20:30:44,-07:00,2025-04-15T20:30:44-07:00,0,17
hiking\hiking.html,115,html,2f7a7219,JACK-coder0315,2025-04-15,20:30:44,-07:00,2025-04-15T20:30:44-07:00,0,20
hiking\hiking.html,116,html,b67d6438,JACK-coder0315,2025-04-15,21:30:36,-07:00,2025-04-15T21:30:36-07:00,0,15
hiking\hiking.html,117,html,b67d6438,JACK-coder0315,2025-04-15,21:30:36,-07:00,2025-04-15T21:30:36-07:00,0,18
hiking\hiking.html,118,html,2f7a7219,JACK-coder0315,2025-04-15,20:30:44,-07:00,2025-04-15T20:30:44-07:00,0,0
hiking\hiking.html,119,html,b7bbdfe7,JACK-coder0315,2025-04-15,21:35:42,-07:00,2025-04-15T21:35:42-07:00,0,0
hiking\hiking.html,120,html,32470af5,JACK-coder0315,2025-04-15,21:39:40,-07:00,2025-04-15T21:39:40-07:00,0,14
hiking\hiking.html,121,html,32470af5,JACK-coder0315,2025-04-15,21:39:40,-07:00,2025-04-15T21:39:40-07:00,0,12
hiking\hiking.html,122,html,32470af5,JACK-coder0315,2025-04-15,21:39:40,-07:00,2025-04-15T21:39:40-07:00,0,18
hiking\hiking.html,123,html,32470af5,JACK-coder0315,2025-04-15,21:39:40,-07:00,2025-04-15T21:39:40-07:00,0,16
hiking\hiking.html,124,html,32470af5,JACK-coder0315,2025-04-15,21:39:40,-07:00,2025-04-15T21:39:40-07:00,0,17
hiking\hiking.html,125,html,32470af5,JACK-coder0315,2025-04-15,21:39:40,-07:00,2025-04-15T21:39:40-07:00,0,20
hiking\hiking.html,126,html,32470af5,JACK-coder0315,2025-04-15,21:39:40,-07:00,2025-04-15T21:39:40-07:00,0,12
hiking\hiking.html,127,html,b7bbdfe7,JACK-coder0315,2025-04-15,21:35:42,-07:00,2025-04-15T21:35:42-07:00,0,0
hiking\hiking.html,128,html,12ba4342,JACK-coder0315,2025-04-04,22:24:18,-07:00,2025-04-04T22:24:18-07:00,0,7
hiking\hiking.html,129,html,5abbc950,JACK-coder0315,2025-04-15,20:57:19,-07:00,2025-04-15T20:57:19-07:00,0,57
hiking\hiking.html,130,html,12ba4342,JACK-coder0315,2025-04-04,22:24:18,-07:00,2025-04-04T22:24:18-07:00,0,6
hiking\hiking.html,131,html,2f7a7219,JACK-coder0315,2025-04-15,20:30:44,-07:00,2025-04-15T20:30:44-07:00,0,0
hiking\hiking.html,132,html,12ba4342,JACK-coder0315,2025-04-04,22:24:18,-07:00,2025-04-04T22:24:18-07:00,0,5
hiking\hiking.html,133,html,993b12b6,JACK-coder0315,2025-04-15,20:54:10,-07:00,2025-04-15T20:54:10-07:00,0,29
hiking\hiking.html,134,html,b7bbdfe7,JACK-coder0315,2025-04-15,21:35:42,-07:00,2025-04-15T21:35:42-07:00,0,27
hiking\hiking.html,135,html,b7bbdfe7,JACK-coder0315,2025-04-15,21:35:42,-07:00,2025-04-15T21:35:42-07:00,0,51
hiking\hiking.html,136,html,b7bbdfe7,JACK-coder0315,2025-04-15,21:35:42,-07:00,2025-04-15T21:35:42-07:00,0,21
hiking\hiking.html,137,html,b7bbdfe7,JACK-coder0315,2025-04-15,21:35:42,-07:00,2025-04-15T21:35:42-07:00,0,28
hiking\hiking.html,138,html,b7bbdfe7,JACK-coder0315,2025-04-15,21:35:42,-07:00,2025-04-15T21:35:42-07:00,0,30
hiking\hiking.html,139,html,b7bbdfe7,JACK-coder0315,2025-04-15,21:35:42,-07:00,2025-04-15T21:35:42-07:00,0,30
hiking\hiking.html,140,html,b7bbdfe7,JACK-coder0315,2025-04-15,21:35:42,-07:00,2025-04-15T21:35:42-07:00,0,30
hiking\hiking.html,141,html,b7bbdfe7,JACK-coder0315,2025-04-15,21:35:42,-07:00,2025-04-15T21:35:42-07:00,0,30
hiking\hiking.html,142,html,b7bbdfe7,JACK-coder0315,2025-04-15,21:35:42,-07:00,2025-04-15T21:35:42-07:00,0,30
hiking\hiking.html,143,html,b7bbdfe7,JACK-coder0315,2025-04-15,21:35:42,-07:00,2025-04-15T21:35:42-07:00,0,30
hiking\hiking.html,144,html,b7bbdfe7,JACK-coder0315,2025-04-15,21:35:42,-07:00,2025-04-15T21:35:42-07:00,0,30
hiking\hiking.html,145,html,b7bbdfe7,JACK-coder0315,2025-04-15,21:35:42,-07:00,2025-04-15T21:35:42-07:00,0,5
hiking\hiking.html,146,html,b7bbdfe7,JACK-coder0315,2025-04-15,21:35:42,-07:00,2025-04-15T21:35:42-07:00,0,29
hiking\hiking.html,147,html,b7bbdfe7,JACK-coder0315,2025-04-15,21:35:42,-07:00,2025-04-15T21:35:42-07:00,0,70
hiking\hiking.html,148,html,b7bbdfe7,JACK-coder0315,2025-04-15,21:35:42,-07:00,2025-04-15T21:35:42-07:00,0,70
hiking\hiking.html,149,html,b7bbdfe7,JACK-coder0315,2025-04-15,21:35:42,-07:00,2025-04-15T21:35:42-07:00,0,5
hiking\hiking.html,150,html,12ba4342,JACK-coder0315,2025-04-04,22:24:18,-07:00,2025-04-04T22:24:18-07:00,0,5
hiking\hiking.html,151,html,12ba4342,JACK-coder0315,2025-04-04,22:24:18,-07:00,2025-04-04T22:24:18-07:00,0,5
hiking\hiking.html,152,html,12ba4342,JACK-coder0315,2025-04-04,22:24:18,-07:00,2025-04-04T22:24:18-07:00,0,7
hiking\hiking.html,153,html,12ba4342,JACK-coder0315,2025-04-04,22:24:18,-07:00,2025-04-04T22:24:18-07:00,0,20
hiking\hiking.html,154,html,12ba4342,JACK-coder0315,2025-04-04,22:24:18,-07:00,2025-04-04T22:24:18-07:00,0,57
hiking\hiking.html,155,html,12ba4342,JACK-coder0315,2025-04-04,22:24:18,-07:00,2025-04-04T22:24:18-07:00,0,76
hiking\hiking.html,156,html,12ba4342,JACK-coder0315,2025-04-04,22:24:18,-07:00,2025-04-04T22:24:18-07:00,0,0
hiking\hiking.html,157,html,12ba4342,JACK-coder0315,2025-04-04,22:24:18,-07:00,2025-04-04T22:24:18-07:00,0,26
hiking\hiking.html,158,html,12ba4342,JACK-coder0315,2025-04-04,22:24:18,-07:00,2025-04-04T22:24:18-07:00,0,26
hiking\hiking.html,159,html,12ba4342,JACK-coder0315,2025-04-04,22:24:18,-07:00,2025-04-04T22:24:18-07:00,0,16
hiking\hiking.html,160,html,12ba4342,JACK-coder0315,2025-04-04,22:24:18,-07:00,2025-04-04T22:24:18-07:00,0,22
hiking\hiking.html,161,html,12ba4342,JACK-coder0315,2025-04-04,22:24:18,-07:00,2025-04-04T22:24:18-07:00,0,30
hiking\hiking.html,162,html,12ba4342,JACK-coder0315,2025-04-04,22:24:18,-07:00,2025-04-04T22:24:18-07:00,0,7
hiking\hiking.html,163,html,12ba4342,JACK-coder0315,2025-04-04,22:24:18,-07:00,2025-04-04T22:24:18-07:00,0,20
hiking\hiking.html,164,html,12ba4342,JACK-coder0315,2025-04-04,22:24:18,-07:00,2025-04-04T22:24:18-07:00,0,0
hiking\hiking.html,165,html,2f7a7219,JACK-coder0315,2025-04-15,20:30:44,-07:00,2025-04-15T20:30:44-07:00,0,34
hiking\hiking.html,166,html,12ba4342,JACK-coder0315,2025-04-04,22:24:18,-07:00,2025-04-04T22:24:18-07:00,0,50
hiking\hiking.html,167,html,12ba4342,JACK-coder0315,2025-04-04,22:24:18,-07:00,2025-04-04T22:24:18-07:00,0,0
hiking\hiking.html,168,html,12ba4342,JACK-coder0315,2025-04-04,22:24:18,-07:00,2025-04-04T22:24:18-07:00,0,0
hiking\hiking.html,169,html,12ba4342,JACK-coder0315,2025-04-04,22:24:18,-07:00,2025-04-04T22:24:18-07:00,0,21
hiking\hiking.html,170,html,12ba4342,JACK-coder0315,2025-04-04,22:24:18,-07:00,2025-04-04T22:24:18-07:00,0,27
hiking\hiking.html,171,html,12ba4342,JACK-coder0315,2025-04-04,22:24:18,-07:00,2025-04-04T22:24:18-07:00,0,0
hiking\hiking.html,172,html,12ba4342,JACK-coder0315,2025-04-04,22:24:18,-07:00,2025-04-04T22:24:18-07:00,0,0
hiking\hiking.html,173,html,12ba4342,JACK-coder0315,2025-04-04,22:24:18,-07:00,2025-04-04T22:24:18-07:00,0,21
hiking\hiking.html,174,html,12ba4342,JACK-coder0315,2025-04-04,22:24:18,-07:00,2025-04-04T22:24:18-07:00,0,27
hiking\hiking.html,175,html,12ba4342,JACK-coder0315,2025-04-04,22:24:18,-07:00,2025-04-04T22:24:18-07:00,0,0
hiking\hiking.html,176,html,12ba4342,JACK-coder0315,2025-04-04,22:24:18,-07:00,2025-04-04T22:24:18-07:00,0,28
hiking\hiking.html,177,html,12ba4342,JACK-coder0315,2025-04-04,22:24:18,-07:00,2025-04-04T22:24:18-07:00,0,8
hiking\hiking.html,178,html,12ba4342,JACK-coder0315,2025-04-04,22:24:18,-07:00,2025-04-04T22:24:18-07:00,0,6
hiking\hiking.html,179,html,2f7a7219,JACK-coder0315,2025-04-15,20:30:44,-07:00,2025-04-15T20:30:44-07:00,0,0
hiking\hiking.html,180,html,12ba4342,JACK-coder0315,2025-04-04,22:24:18,-07:00,2025-04-04T22:24:18-07:00,0,6
contact\index.html,1,html,f9e6c56c,JACK-coder0315,2025-04-04,19:10:24,-07:00,2025-04-04T19:10:24-07:00,0,14
contact\index.html,2,html,f9e6c56c,JACK-coder0315,2025-04-04,19:10:24,-07:00,2025-04-04T19:10:24-07:00,0,15
contact\index.html,3,html,993b12b6,JACK-coder0315,2025-04-15,20:54:10,-07:00,2025-04-15T20:54:10-07:00,0,0
contact\index.html,4,html,f9e6c56c,JACK-coder0315,2025-04-04,19:10:24,-07:00,2025-04-04T19:10:24-07:00,0,5
contact\index.html,5,html,d67536eb,JACK-coder0315,2025-04-04,19:51:46,-07:00,2025-04-04T19:51:46-07:00,0,21
contact\index.html,6,html,d67536eb,JACK-coder0315,2025-04-04,19:51:46,-07:00,2025-04-04T19:51:46-07:00,0,69
contact\index.html,7,html,8b600a32,JACK-coder0315,2025-04-04,19:56:22,-07:00,2025-04-04T19:56:22-07:00,0,19
contact\index.html,8,html,d67536eb,JACK-coder0315,2025-04-04,19:51:46,-07:00,2025-04-04T19:51:46-07:00,0,41
contact\index.html,9,html,993b12b6,JACK-coder0315,2025-04-15,20:54:10,-07:00,2025-04-15T20:54:10-07:00,0,57
contact\index.html,10,html,f9e6c56c,JACK-coder0315,2025-04-04,19:10:24,-07:00,2025-04-04T19:10:24-07:00,0,6
contact\index.html,11,html,993b12b6,JACK-coder0315,2025-04-15,20:54:10,-07:00,2025-04-15T20:54:10-07:00,0,0
contact\index.html,12,html,f9e6c56c,JACK-coder0315,2025-04-04,19:10:24,-07:00,2025-04-04T19:10:24-07:00,0,5
contact\index.html,13,html,993b12b6,JACK-coder0315,2025-04-15,20:54:10,-07:00,2025-04-15T20:54:10-07:00,0,29
contact\index.html,14,html,d67536eb,JACK-coder0315,2025-04-04,19:51:46,-07:00,2025-04-04T19:51:46-07:00,0,25
contact\index.html,15,html,5361f6a8,JACK-coder0315,2025-04-04,22:04:25,-07:00,2025-04-04T22:04:25-07:00,0,38
contact\index.html,16,html,993b12b6,JACK-coder0315,2025-04-15,20:54:10,-07:00,2025-04-15T20:54:10-07:00,0,59
contact\index.html,17,html,26304386,JACK-coder0315,2025-04-04,22:08:08,-07:00,2025-04-04T22:08:08-07:00,0,68
contact\index.html,18,html,993b12b6,JACK-coder0315,2025-04-15,20:54:10,-07:00,2025-04-15T20:54:10-07:00,0,57
contact\index.html,19,html,993b12b6,JACK-coder0315,2025-04-15,20:54:10,-07:00,2025-04-15T20:54:10-07:00,0,79
contact\index.html,20,html,993b12b6,JACK-coder0315,2025-04-15,20:54:10,-07:00,2025-04-15T20:54:10-07:00,0,34
contact\index.html,21,html,993b12b6,JACK-coder0315,2025-04-15,20:54:10,-07:00,2025-04-15T20:54:10-07:00,0,6
contact\index.html,22,html,d67536eb,JACK-coder0315,2025-04-04,19:51:46,-07:00,2025-04-04T19:51:46-07:00,0,41
contact\index.html,23,html,d67536eb,JACK-coder0315,2025-04-04,19:51:46,-07:00,2025-04-04T19:51:46-07:00,0,5
contact\index.html,24,html,d67536eb,JACK-coder0315,2025-04-04,19:51:46,-07:00,2025-04-04T19:51:46-07:00,0,0
contact\index.html,25,html,d67536eb,JACK-coder0315,2025-04-04,19:51:46,-07:00,2025-04-04T19:51:46-07:00,0,7
contact\index.html,26,html,993b12b6,JACK-coder0315,2025-04-15,20:54:10,-07:00,2025-04-15T20:54:10-07:00,0,84
contact\index.html,27,html,d67536eb,JACK-coder0315,2025-04-04,19:51:46,-07:00,2025-04-04T19:51:46-07:00,0,22
contact\index.html,28,html,d67536eb,JACK-coder0315,2025-04-04,19:51:46,-07:00,2025-04-04T19:51:46-07:00,0,52
contact\index.html,29,html,d67536eb,JACK-coder0315,2025-04-04,19:51:46,-07:00,2025-04-04T19:51:46-07:00,0,56
contact\index.html,30,html,d67536eb,JACK-coder0315,2025-04-04,19:51:46,-07:00,2025-04-04T19:51:46-07:00,0,56
contact\index.html,31,html,d67536eb,JACK-coder0315,2025-04-04,19:51:46,-07:00,2025-04-04T19:51:46-07:00,0,56
contact\index.html,32,html,d67536eb,JACK-coder0315,2025-04-04,19:51:46,-07:00,2025-04-04T19:51:46-07:00,0,55
contact\index.html,33,html,d67536eb,JACK-coder0315,2025-04-04,19:51:46,-07:00,2025-04-04T19:51:46-07:00,0,0
contact\index.html,34,html,993b12b6,JACK-coder0315,2025-04-15,20:54:10,-07:00,2025-04-15T20:54:10-07:00,0,27
contact\index.html,35,html,993b12b6,JACK-coder0315,2025-04-15,20:54:10,-07:00,2025-04-15T20:54:10-07:00,0,0
contact\index.html,36,html,d67536eb,JACK-coder0315,2025-04-04,19:51:46,-07:00,2025-04-04T19:51:46-07:00,0,0
contact\index.html,37,html,d67536eb,JACK-coder0315,2025-04-04,19:51:46,-07:00,2025-04-04T19:51:46-07:00,0,47
contact\index.html,38,html,d67536eb,JACK-coder0315,2025-04-04,19:51:46,-07:00,2025-04-04T19:51:46-07:00,0,29
contact\index.html,39,html,d67536eb,JACK-coder0315,2025-04-04,19:51:46,-07:00,2025-04-04T19:51:46-07:00,0,62
contact\index.html,40,html,d67536eb,JACK-coder0315,2025-04-04,19:51:46,-07:00,2025-04-04T19:51:46-07:00,0,6
contact\index.html,41,html,d67536eb,JACK-coder0315,2025-04-04,19:51:46,-07:00,2025-04-04T19:51:46-07:00,0,0
contact\index.html,42,html,d67536eb,JACK-coder0315,2025-04-04,19:51:46,-07:00,2025-04-04T19:51:46-07:00,0,0
contact\index.html,43,html,993b12b6,JACK-coder0315,2025-04-15,20:54:10,-07:00,2025-04-15T20:54:10-07:00,0,0
contact\index.html,44,html,d67536eb,JACK-coder0315,2025-04-04,19:51:46,-07:00,2025-04-04T19:51:46-07:00,0,17
contact\index.html,45,html,993b12b6,JACK-coder0315,2025-04-15,20:54:10,-07:00,2025-04-15T20:54:10-07:00,0,0
contact\index.html,46,html,d67536eb,JACK-coder0315,2025-04-04,19:51:46,-07:00,2025-04-04T19:51:46-07:00,0,56
contact\index.html,47,html,d67536eb,JACK-coder0315,2025-04-04,19:51:46,-07:00,2025-04-04T19:51:46-07:00,0,35
contact\index.html,48,html,993b12b6,JACK-coder0315,2025-04-15,20:54:10,-07:00,2025-04-15T20:54:10-07:00,0,8
contact\index.html,49,html,d67536eb,JACK-coder0315,2025-04-04,19:51:46,-07:00,2025-04-04T19:51:46-07:00,0,2
contact\index.html,50,html,d67536eb,JACK-coder0315,2025-04-04,19:51:46,-07:00,2025-04-04T19:51:46-07:00,0,8
contact\index.html,51,html,d67536eb,JACK-coder0315,2025-04-04,19:51:46,-07:00,2025-04-04T19:51:46-07:00,0,6
contact\index.html,52,html,993b12b6,JACK-coder0315,2025-04-15,20:54:10,-07:00,2025-04-15T20:54:10-07:00,0,0
contact\index.html,53,html,f9e6c56c,JACK-coder0315,2025-04-04,19:10:24,-07:00,2025-04-04T19:10:24-07:00,0,6
contact\contact.css,1,css,7e28afd6,JACK-coder0315,2025-04-15,20:25:56,-07:00,2025-04-15T20:25:56-07:00,0,5
contact\contact.css,2,css,7e28afd6,JACK-coder0315,2025-04-15,20:25:56,-07:00,2025-04-15T20:25:56-07:00,0,24
contact\contact.css,3,css,8e9410eb,JACK-coder0315,2025-04-15,21:24:58,-07:00,2025-04-15T21:24:58-07:00,0,0
contact\contact.css,4,css,8e9410eb,JACK-coder0315,2025-04-15,21:24:58,-07:00,2025-04-15T21:24:58-07:00,0,0
contact\contact.css,5,css,d67536eb,JACK-coder0315,2025-04-04,19:51:46,-07:00,2025-04-04T19:51:46-07:00,0,5
contact\contact.css,6,css,d67536eb,JACK-coder0315,2025-04-04,19:51:46,-07:00,2025-04-04T19:51:46-07:00,0,30
contact\contact.css,7,css,d67536eb,JACK-coder0315,2025-04-04,19:51:46,-07:00,2025-04-04T19:51:46-07:00,0,25
contact\contact.css,8,css,d67536eb,JACK-coder0315,2025-04-04,19:51:46,-07:00,2025-04-04T19:51:46-07:00,0,9
contact\contact.css,9,css,b61be260,JACK-coder0315,2025-04-07,20:37:27,-07:00,2025-04-07T20:37:27-07:00,0,10
contact\contact.css,10,css,d67536eb,JACK-coder0315,2025-04-04,19:51:46,-07:00,2025-04-04T19:51:46-07:00,0,0
contact\contact.css,11,css,d67536eb,JACK-coder0315,2025-04-04,19:51:46,-07:00,2025-04-04T19:51:46-07:00,0,0
contact\contact.css,12,css,b93be602,JACK-coder0315,2025-04-04,20:11:06,-07:00,2025-04-04T20:11:06-07:00,0,5
contact\contact.css,13,css,b93be602,JACK-coder0315,2025-04-04,20:11:06,-07:00,2025-04-04T20:11:06-07:00,0,25
contact\contact.css,14,css,b93be602,JACK-coder0315,2025-04-04,20:11:06,-07:00,2025-04-04T20:11:06-07:00,0,16
contact\contact.css,15,css,b93be602,JACK-coder0315,2025-04-04,20:11:06,-07:00,2025-04-04T20:11:06-07:00,0,18
contact\contact.css,16,css,6581aa15,JACK-coder0315,2025-04-04,20:16:59,-07:00,2025-04-04T20:16:59-07:00,0,18
contact\contact.css,17,css,b61be260,JACK-coder0315,2025-04-07,20:37:27,-07:00,2025-04-07T20:37:27-07:00,0,9
contact\contact.css,18,css,b61be260,JACK-coder0315,2025-04-07,20:37:27,-07:00,2025-04-07T20:37:27-07:00,0,18
contact\contact.css,19,css,b61be260,JACK-coder0315,2025-04-07,20:37:27,-07:00,2025-04-07T20:37:27-07:00,0,6
contact\contact.css,20,css,b61be260,JACK-coder0315,2025-04-07,20:37:27,-07:00,2025-04-07T20:37:27-07:00,0,13
contact\contact.css,21,css,2f7a7219,JACK-coder0315,2025-04-15,20:30:44,-07:00,2025-04-15T20:30:44-07:00,0,40
contact\contact.css,22,css,2f7a7219,JACK-coder0315,2025-04-15,20:30:44,-07:00,2025-04-15T20:30:44-07:00,0,44
contact\contact.css,23,css,b93be602,JACK-coder0315,2025-04-04,20:11:06,-07:00,2025-04-04T20:11:06-07:00,0,0
contact\contact.css,24,css,b93be602,JACK-coder0315,2025-04-04,20:11:06,-07:00,2025-04-04T20:11:06-07:00,0,0
contact\contact.css,25,css,b93be602,JACK-coder0315,2025-04-04,20:11:06,-07:00,2025-04-04T20:11:06-07:00,0,7
contact\contact.css,26,css,6581aa15,JACK-coder0315,2025-04-04,20:16:59,-07:00,2025-04-04T20:16:59-07:00,0,21
contact\contact.css,27,css,b93be602,JACK-coder0315,2025-04-04,20:11:06,-07:00,2025-04-04T20:11:06-07:00,0,12
contact\contact.css,28,css,b93be602,JACK-coder0315,2025-04-04,20:11:06,-07:00,2025-04-04T20:11:06-07:00,0,18
contact\contact.css,29,css,6581aa15,JACK-coder0315,2025-04-04,20:16:59,-07:00,2025-04-04T20:16:59-07:00,0,18
contact\contact.css,30,css,b93be602,JACK-coder0315,2025-04-04,20:11:06,-07:00,2025-04-04T20:11:06-07:00,0,21
contact\contact.css,31,css,6581aa15,JACK-coder0315,2025-04-04,20:16:59,-07:00,2025-04-04T20:16:59-07:00,0,15
contact\contact.css,32,css,6581aa15,JACK-coder0315,2025-04-04,20:16:59,-07:00,2025-04-04T20:16:59-07:00,0,14
contact\contact.css,33,css,b93be602,JACK-coder0315,2025-04-04,20:11:06,-07:00,2025-04-04T20:11:06-07:00,0,0
contact\contact.css,34,css,b93be602,JACK-coder0315,2025-04-04,20:11:06,-07:00,2025-04-04T20:11:06-07:00,0,0
contact\contact.css,35,css,8e9410eb,JACK-coder0315,2025-04-15,21:24:58,-07:00,2025-04-15T21:24:58-07:00,0,15
contact\contact.css,36,css,8e9410eb,JACK-coder0315,2025-04-15,21:24:58,-07:00,2025-04-15T21:24:58-07:00,0,30
contact\contact.css,37,css,8e9410eb,JACK-coder0315,2025-04-15,21:24:58,-07:00,2025-04-15T21:24:58-07:00,0,0
contact\contact.css,38,css,8e9410eb,JACK-coder0315,2025-04-15,21:24:58,-07:00,2025-04-15T21:24:58-07:00,0,0
contact\contact.css,39,css,b93be602,JACK-coder0315,2025-04-04,20:11:06,-07:00,2025-04-04T20:11:06-07:00,0,13
contact\contact.css,40,css,b93be602,JACK-coder0315,2025-04-04,20:11:06,-07:00,2025-04-04T20:11:06-07:00,0,22
contact\contact.css,41,css,b93be602,JACK-coder0315,2025-04-04,20:11:06,-07:00,2025-04-04T20:11:06-07:00,0,12
contact\contact.css,42,css,b93be602,JACK-coder0315,2025-04-04,20:11:06,-07:00,2025-04-04T20:11:06-07:00,0,0
contact\contact.css,43,css,b93be602,JACK-coder0315,2025-04-04,20:11:06,-07:00,2025-04-04T20:11:06-07:00,0,0
contact\contact.css,44,css,d67536eb,JACK-coder0315,2025-04-04,19:51:46,-07:00,2025-04-04T19:51:46-07:00,0,14
contact\contact.css,45,css,d67536eb,JACK-coder0315,2025-04-04,19:51:46,-07:00,2025-04-04T19:51:46-07:00,0,16
contact\contact.css,46,css,b61be260,JACK-coder0315,2025-04-07,20:37:27,-07:00,2025-04-07T20:37:27-07:00,0,17
contact\contact.css,47,css,d67536eb,JACK-coder0315,2025-04-04,19:51:46,-07:00,2025-04-04T19:51:46-07:00,0,22
contact\contact.css,48,css,b61be260,JACK-coder0315,2025-04-07,20:37:27,-07:00,2025-04-07T20:37:27-07:00,0,13
contact\contact.css,49,css,b61be260,JACK-coder0315,2025-04-07,20:37:27,-07:00,2025-04-07T20:37:27-07:00,0,19
contact\contact.css,50,css,b61be260,JACK-coder0315,2025-04-07,20:37:27,-07:00,2025-04-07T20:37:27-07:00,0,41
contact\contact.css,51,css,d67536eb,JACK-coder0315,2025-04-04,19:51:46,-07:00,2025-04-04T19:51:46-07:00,0,0
contact\contact.css,52,css,d67536eb,JACK-coder0315,2025-04-04,19:51:46,-07:00,2025-04-04T19:51:46-07:00,0,0
contact\contact.css,53,css,d67536eb,JACK-coder0315,2025-04-04,19:51:46,-07:00,2025-04-04T19:51:46-07:00,0,17
contact\contact.css,54,css,d67536eb,JACK-coder0315,2025-04-04,19:51:46,-07:00,2025-04-04T19:51:46-07:00,0,18
contact\contact.css,55,css,b61be260,JACK-coder0315,2025-04-07,20:37:27,-07:00,2025-04-07T20:37:27-07:00,0,17
contact\contact.css,56,css,b61be260,JACK-coder0315,2025-04-07,20:37:27,-07:00,2025-04-07T20:37:27-07:00,0,17
contact\contact.css,57,css,d67536eb,JACK-coder0315,2025-04-04,19:51:46,-07:00,2025-04-04T19:51:46-07:00,0,19
contact\contact.css,58,css,d67536eb,JACK-coder0315,2025-04-04,19:51:46,-07:00,2025-04-04T19:51:46-07:00,0,0
contact\contact.css,59,css,d67536eb,JACK-coder0315,2025-04-04,19:51:46,-07:00,2025-04-04T19:51:46-07:00,0,0
contact\contact.css,60,css,d67536eb,JACK-coder0315,2025-04-04,19:51:46,-07:00,2025-04-04T19:51:46-07:00,0,20
contact\contact.css,61,css,d67536eb,JACK-coder0315,2025-04-04,19:51:46,-07:00,2025-04-04T19:51:46-07:00,0,14
contact\contact.css,62,css,b61be260,JACK-coder0315,2025-04-07,20:37:27,-07:00,2025-04-07T20:37:27-07:00,0,18
contact\contact.css,63,css,b61be260,JACK-coder0315,2025-04-07,20:37:27,-07:00,2025-04-07T20:37:27-07:00,0,16
contact\contact.css,64,css,d67536eb,JACK-coder0315,2025-04-04,19:51:46,-07:00,2025-04-04T19:51:46-07:00,0,0
contact\contact.css,65,css,d67536eb,JACK-coder0315,2025-04-04,19:51:46,-07:00,2025-04-04T19:51:46-07:00,0,0
contact\contact.css,66,css,d67536eb,JACK-coder0315,2025-04-04,19:51:46,-07:00,2025-04-04T19:51:46-07:00,0,32
contact\contact.css,67,css,d67536eb,JACK-coder0315,2025-04-04,19:51:46,-07:00,2025-04-04T19:51:46-07:00,0,33
contact\contact.css,68,css,d67536eb,JACK-coder0315,2025-04-04,19:51:46,-07:00,2025-04-04T19:51:46-07:00,0,23
contact\contact.css,69,css,d67536eb,JACK-coder0315,2025-04-04,19:51:46,-07:00,2025-04-04T19:51:46-07:00,0,11
contact\contact.css,70,css,b61be260,JACK-coder0315,2025-04-07,20:37:27,-07:00,2025-04-07T20:37:27-07:00,0,18
contact\contact.css,71,css,b61be260,JACK-coder0315,2025-04-07,20:37:27,-07:00,2025-04-07T20:37:27-07:00,0,19
contact\contact.css,72,css,d67536eb,JACK-coder0315,2025-04-04,19:51:46,-07:00,2025-04-04T19:51:46-07:00,0,22
contact\contact.css,73,css,b61be260,JACK-coder0315,2025-04-07,20:37:27,-07:00,2025-04-07T20:37:27-07:00,0,18
contact\contact.css,74,css,b61be260,JACK-coder0315,2025-04-07,20:37:27,-07:00,2025-04-07T20:37:27-07:00,0,15
contact\contact.css,75,css,b61be260,JACK-coder0315,2025-04-07,20:37:27,-07:00,2025-04-07T20:37:27-07:00,0,20
contact\contact.css,76,css,b61be260,JACK-coder0315,2025-04-07,20:37:27,-07:00,2025-04-07T20:37:27-07:00,0,22
contact\contact.css,77,css,b61be260,JACK-coder0315,2025-04-07,20:37:27,-07:00,2025-04-07T20:37:27-07:00,0,40
contact\contact.css,78,css,b61be260,JACK-coder0315,2025-04-07,20:37:27,-07:00,2025-04-07T20:37:27-07:00,0,0
contact\contact.css,79,css,b61be260,JACK-coder0315,2025-04-07,20:37:27,-07:00,2025-04-07T20:37:27-07:00,0,0
contact\contact.css,80,css,b61be260,JACK-coder0315,2025-04-07,20:37:27,-07:00,2025-04-07T20:37:27-07:00,0,38
contact\contact.css,81,css,b61be260,JACK-coder0315,2025-04-07,20:37:27,-07:00,2025-04-07T20:37:27-07:00,0,39
contact\contact.css,82,css,b61be260,JACK-coder0315,2025-04-07,20:37:27,-07:00,2025-04-07T20:37:27-07:00,0,29
contact\contact.css,83,css,b61be260,JACK-coder0315,2025-04-07,20:37:27,-07:00,2025-04-07T20:37:27-07:00,0,21
contact\contact.css,84,css,b61be260,JACK-coder0315,2025-04-07,20:37:27,-07:00,2025-04-07T20:37:27-07:00,0,13
contact\contact.css,85,css,b61be260,JACK-coder0315,2025-04-07,20:37:27,-07:00,2025-04-07T20:37:27-07:00,0,42
contact\contact.css,86,css,b61be260,JACK-coder0315,2025-04-07,20:37:27,-07:00,2025-04-07T20:37:27-07:00,0,0
contact\contact.css,87,css,b61be260,JACK-coder0315,2025-04-07,20:37:27,-07:00,2025-04-07T20:37:27-07:00,0,0
contact\contact.css,88,css,b61be260,JACK-coder0315,2025-04-07,20:37:27,-07:00,2025-04-07T20:37:27-07:00,0,23
contact\contact.css,89,css,b61be260,JACK-coder0315,2025-04-07,20:37:27,-07:00,2025-04-07T20:37:27-07:00,0,17
contact\contact.css,90,css,b61be260,JACK-coder0315,2025-04-07,20:37:27,-07:00,2025-04-07T20:37:27-07:00,0,16
contact\contact.css,91,css,b61be260,JACK-coder0315,2025-04-07,20:37:27,-07:00,2025-04-07T20:37:27-07:00,0,0
contact\contact.css,92,css,b61be260,JACK-coder0315,2025-04-07,20:37:27,-07:00,2025-04-07T20:37:27-07:00,0,0
contact\contact.css,93,css,b61be260,JACK-coder0315,2025-04-07,20:37:27,-07:00,2025-04-07T20:37:27-07:00,0,32
contact\contact.css,94,css,b61be260,JACK-coder0315,2025-04-07,20:37:27,-07:00,2025-04-07T20:37:27-07:00,0,36
contact\contact.css,95,css,b61be260,JACK-coder0315,2025-04-07,20:37:27,-07:00,2025-04-07T20:37:27-07:00,0,11
contact\contact.css,96,css,b61be260,JACK-coder0315,2025-04-07,20:37:27,-07:00,2025-04-07T20:37:27-07:00,0,16
contact\contact.css,97,css,d67536eb,JACK-coder0315,2025-04-04,19:51:46,-07:00,2025-04-04T19:51:46-07:00,0,0
contact\contact.css,98,css,d67536eb,JACK-coder0315,2025-04-04,19:51:46,-07:00,2025-04-04T19:51:46-07:00,0,0
contact\contact.css,99,css,d67536eb,JACK-coder0315,2025-04-04,19:51:46,-07:00,2025-04-04T19:51:46-07:00,0,21
contact\contact.css,100,css,d67536eb,JACK-coder0315,2025-04-04,19:51:46,-07:00,2025-04-04T19:51:46-07:00,0,11
contact\contact.css,101,css,b61be260,JACK-coder0315,2025-04-07,20:37:27,-07:00,2025-04-07T20:37:27-07:00,0,13
contact\contact.css,102,css,d67536eb,JACK-coder0315,2025-04-04,19:51:46,-07:00,2025-04-04T19:51:46-07:00,0,25
contact\contact.css,103,css,d67536eb,JACK-coder0315,2025-04-04,19:51:46,-07:00,2025-04-04T19:51:46-07:00,0,11
contact\contact.css,104,css,d67536eb,JACK-coder0315,2025-04-04,19:51:46,-07:00,2025-04-04T19:51:46-07:00,0,12
contact\contact.css,105,css,b61be260,JACK-coder0315,2025-04-07,20:37:27,-07:00,2025-04-07T20:37:27-07:00,0,18
contact\contact.css,106,css,b61be260,JACK-coder0315,2025-04-07,20:37:27,-07:00,2025-04-07T20:37:27-07:00,0,15
contact\contact.css,107,css,b61be260,JACK-coder0315,2025-04-07,20:37:27,-07:00,2025-04-07T20:37:27-07:00,0,17
contact\contact.css,108,css,d67536eb,JACK-coder0315,2025-04-04,19:51:46,-07:00,2025-04-04T19:51:46-07:00,0,15
contact\contact.css,109,css,b61be260,JACK-coder0315,2025-04-07,20:37:27,-07:00,2025-04-07T20:37:27-07:00,0,33
contact\contact.css,110,css,d67536eb,JACK-coder0315,2025-04-04,19:51:46,-07:00,2025-04-04T19:51:46-07:00,0,0
contact\contact.css,111,css,d67536eb,JACK-coder0315,2025-04-04,19:51:46,-07:00,2025-04-04T19:51:46-07:00,0,0
contact\contact.css,112,css,d67536eb,JACK-coder0315,2025-04-04,19:51:46,-07:00,2025-04-04T19:51:46-07:00,0,27
contact\contact.css,113,css,d67536eb,JACK-coder0315,2025-04-04,19:51:46,-07:00,2025-04-04T19:51:46-07:00,0,25
contact\contact.css,114,css,d67536eb,JACK-coder0315,2025-04-04,19:51:46,-07:00,2025-04-04T19:51:46-07:00,0,0
contact\contact.css,115,css,d67536eb,JACK-coder0315,2025-04-04,19:51:46,-07:00,2025-04-04T19:51:46-07:00,0,0
contact\contact.css,116,css,d67536eb,JACK-coder0315,2025-04-04,19:51:46,-07:00,2025-04-04T19:51:46-07:00,0,7
contact\contact.css,117,css,d67536eb,JACK-coder0315,2025-04-04,19:51:46,-07:00,2025-04-04T19:51:46-07:00,0,10
contact\contact.css,118,css,d67536eb,JACK-coder0315,2025-04-04,19:51:46,-07:00,2025-04-04T19:51:46-07:00,0,16
contact\contact.css,119,css,d67536eb,JACK-coder0315,2025-04-04,19:51:46,-07:00,2025-04-04T19:51:46-07:00,0,17
contact\contact.css,120,css,d67536eb,JACK-coder0315,2025-04-04,19:51:46,-07:00,2025-04-04T19:51:46-07:00,0,19
contact\contact.css,121,css,d67536eb,JACK-coder0315,2025-04-04,19:51:46,-07:00,2025-04-04T19:51:46-07:00,0,0
contact\contact.css,122,css,d67536eb,JACK-coder0315,2025-04-04,19:51:46,-07:00,2025-04-04T19:51:46-07:00,0,0
contact\contact.css,123,css,d67536eb,JACK-coder0315,2025-04-04,19:51:46,-07:00,2025-04-04T19:51:46-07:00,0,10
contact\contact.css,124,css,d67536eb,JACK-coder0315,2025-04-04,19:51:46,-07:00,2025-04-04T19:51:46-07:00,0,16
contact\contact.css,125,css,d67536eb,JACK-coder0315,2025-04-04,19:51:46,-07:00,2025-04-04T19:51:46-07:00,0,18
contact\contact.css,126,css,d67536eb,JACK-coder0315,2025-04-04,19:51:46,-07:00,2025-04-04T19:51:46-07:00,0,14
contact\contact.css,127,css,b61be260,JACK-coder0315,2025-04-07,20:37:27,-07:00,2025-04-07T20:37:27-07:00,0,0
contact\contact.css,128,css,2f7a7219,JACK-coder0315,2025-04-15,20:30:44,-07:00,2025-04-15T20:30:44-07:00,0,0
contact\contact.css,129,css,2f7a7219,JACK-coder0315,2025-04-15,20:30:44,-07:00,2025-04-15T20:30:44-07:00,0,14
contact\contact.css,130,css,b67d6438,JACK-coder0315,2025-04-15,21:30:36,-07:00,2025-04-15T21:30:36-07:00,0,12
contact\contact.css,131,css,32470af5,JACK-coder0315,2025-04-15,21:39:40,-07:00,2025-04-15T21:39:40-07:00,0,18
contact\contact.css,132,css,32470af5,JACK-coder0315,2025-04-15,21:39:40,-07:00,2025-04-15T21:39:40-07:00,0,16
contact\contact.css,133,css,2f7a7219,JACK-coder0315,2025-04-15,20:30:44,-07:00,2025-04-15T20:30:44-07:00,0,17
contact\contact.css,134,css,2f7a7219,JACK-coder0315,2025-04-15,20:30:44,-07:00,2025-04-15T20:30:44-07:00,0,20
contact\contact.css,135,css,32470af5,JACK-coder0315,2025-04-15,21:39:40,-07:00,2025-04-15T21:39:40-07:00,0,12
contact\contact.css,136,css,32470af5,JACK-coder0315,2025-04-15,21:39:40,-07:00,2025-04-15T21:39:40-07:00,0,0
